order,list_name,name,label::english,label::somali,country,area,region,media::image::english,media::image::somali
1,age,age15_17,Age 15-17,Da’ada 15-17 sano ji,,,,,
2,age,age18_40,Age 18-40,Da’ada 18-40 sano ji,,,,,
3,age,age41_59,Age 41-59,Da’ada 41-59 sano ji,,,,,
4,age,age60,Age 60 or more,60 sano jir iyo ka weyn,,,,,
5,genderage,eldery_male,Adult male (aged 60 +) ,Rag 60 sano jir ah ama kaweyn,,,,,
6,genderage,eldery_female,Adult female (aged 60 +) ,Haween 60 sano jir ah ama kaweyn,,,,,
7,genderage,adult_male,Adult male (aged 18 to 59) ,Rag da’adoodu tahay 18 ilaa  59 san,,,,,
8,genderage,adult_female,Adult female (aged 18 to 59) ,Haween da’adoodu tahay 18 ilaa 59 san,,,,,
9,genderage,male_14_17,Male child (aged 14-17),Wiil da’adiisu tahay 14 ilaa 17 sa,,,,,
10,genderage,female_14_17,Female child (aged 14-17),Gabar da’adeedu tahay 14 ilaa 17 sa,,,,,
11,genderage,male_13,Male child (aged 13 or below),Wiil da’diisu tahay 13 ama wax ka y,,,,,
12,genderage,female_13,Female child (aged 13 or below),Gabar da’deedu tahay 13 ama wax ka y,,,,,
13,disability,no_disability,"No, no difficulties; ","Maya, dhib maleh;",,,,,
14,disability,some_disability,"Yes, some difficulty; ","Haa, xoogaa dhib ah;",,,,,
15,disability,alot_disability,"Yes, a lot of difficulty; ","Haa, dhib badan;",,,,,
16,disability,total_disability,Cannot do it at all,Ma sameyn karo gabi ahaanba,,,,,
17,yes_no,yes,Yes,Haa,,,,,
18,yes_no,no,No,Maya,,,,,
19,certificate,yes_id,"Yes, in our possession ","Haa, annaga ayaa haysanna",,,,,
20,certificate,all_id,"Yes, we all have IDs but they are not in our possession ","Haa,  dhamaanteen waxaan leenahay aqoonsi laakiin anaga ma hayno",,,,,
21,certificate,some_id,"No, some HH members are missing IDs ","Maya, qaar ka mid ah xubnaha HH ayaa leh aqoonsiyo",,,,,
22,certificate,no_id,"No, all HH members are missing IDs","Maya, dhammaan xubnaha HH ayaa leh aqoonsiyo",,,,,
23,certificate,dontknow,Don't know,Ma ogi,,,,,
24,aver_hour,aver_hour1,0-1 hours/day,0-1 saacadood / maalintii,,,,,
25,aver_hour,aver_hour2,1-2 hours/day,1-2 saacadood / maalintii,,,,,
26,aver_hour,aver_hour3,2-3 hours/day ,2-3 saacadood / maalintii,,,,,
27,aver_hour,aver_hour4,3-4 hours/day,3-4 saacadood / maalintii,,,,,
28,aver_hour,aver_hour_more4,More than 4 hours/day,In ka badan 4 saacadood / maalintii,,,,,
29,income_source,cash_crop_farming,Cash Crop Farming, Dalagyada Beeridda,,,,,
30,income_source,cash_fishing,Cash Fishing,Lacagta Kaluumeysiga ,,,,,
31,income_source,daily_labour,Daily Labour,Shaqaalaha Maalinlaha ah,,,,,
32,income_source,livestock_production,Livestock Production ,wax soosaarka Xoolaha,,,,,
33,income_source,business,Business, Ganacsiga,,,,,
34,income_source,subsistence_farming_or_fishing,Subsistence Farming Or Fishing ,Beeraha Kalluumeysiga Ama Kalluumeysiga,,,,,
35,income_source,contracted_job,Contracted Job ,Shaqo bileed,,,,,
36,income_source,remittances,Remittances ,Xawaaladaha,,,,,
37,income_source,humanitarian_assistance,Humanitarian Assistance ,Kaalmada bini adamiga,,,,,
38,income_source,sale_of_humanitarian_assistance,Sale Of Humanitarian Assistance ,ibinta Kaalmada Aadamiga,,,,,
39,income_source,rent_of_land,Rent Of Land ,Kirada Dhul,,,,,
40,income_source,none,None ,Midkoodna,,,,,
41,employ_loss,flooding,Flooding,Daadka,,,,,
42,employ_loss,drought,Drought,Abaarta,,,,,
43,employ_loss,conflict,Conflict,Khilaaf,,,,,
44,employ_loss,displacement,Displacement,Barokaca,,,,,
45,employ_loss,locusts,Locusts,Ayaxa,,,,,
46,employ_loss,covid,"Covid-19 policies (lock-down, curfew, lack of public transport, closure of business ordered, etc.)","
Nidaamka Caabuqa Corona-19 '(xiritaanka, bandoowga, gaadiid la'aanta dadweynaha, xiritaanka ganacsiga la dalbaday, iwm.)",,,,,
47,employ_loss,end_contract,Termination of contract,Joojinta qandaraaska,,,,,
48,employ_loss,ill,Ill-health,Caafimaad daro,,,,,
49,employ_loss,other,Other (specify),Wax kale (caddee),,,,,
50,market_time,less15,1. Less than 15 minutes,1. Wax kayar 15 daqiiqo,,,,,
51,market_time,min_15_29,2. 15-29 minutes,2. 15 illaa 29 daqiiqo ,,,,,
52,market_time,min_30_59,3. 30-59 minutes,3. 30 illaa 59 daqiiqo ,,,,,
53,market_time,hr_1_2,4. 1-2 hours,4. 1 illaa 2 saacadood ,,,,,
54,market_time,more2h,5. More than 2 hours,5.In ka badan 2 saacadood ,,,,,
55,market_time,dontknow,6. Don't know,6. Ma garanayo ,,,,,
56,market_time,no_answer,7. Prefer not to answer,7.Door bidey inaanu ka jawaabin ,,,,,
57,school_transport,walking,Walking,Lugeeya ,,,,,
58,school_transport,car,Car,Gaadhi/ Baabuur ,,,,,
59,school_transport,business,Bus,Bas ,,,,,
60,school_transport,moto,Moto,Moto ,,,,,
61,school_transport,cart,Cart,Cart/ Gaadhi dameer ,,,,,
62,school_transport,other,Other ,Wax kale ,,,,,
63,reason1,conflict_community,"Actual conflict or fear of conflict in community, or surrounding area, or personal threats",Khilaafka rasmiya oo bulshada dhexdeeda ah.,,,,,
64,reason1,conflict_surrounding,"Conflict in surrounding area, but not in my community",Khilaaf kajira deegaanka laakiin aan ahayn bulshadayda dhexdeeda ,,,,,
65,reason1,conflict_fear,Fear of conflict in community,Ka cabsi qaba khilaaf bulshada dhexdeeda ah ,,,,,
66,reason1,arrival_ags,Arrival of armed groups,Imaasho kooxo hubaysan ,,,,,
67,reason1,withdrawal_ags,Withdrawal of armed groups/ security forces,Inay baxeen kooxo hubaysan ama laamaha amniga,,,,,
68,reason1,threats,Personal threats,Cabsi shaqsi ,,,,,
69,reason1,flooding,Flooding,Fatahaad/daadad ,,,,,
70,reason1,lack_job,Lack of livelihood opportunities/job,Fursado shaqo aan meesha kajirin,,,,,
71,reason1,lack_health,Lack of health services,Adeegyo caafimaad oo aan meesha kajirin,,,,,
72,reason1,lack_edu,Lack of education services,Adeegyo waxbarasho oo aan meesha kajirin,,,,,
73,reason1,drought,Drought,Abaaro,,,,,
,reason1,C_19,"Covid-19 of COVID-19 policies (lock-down, curfew, lack of public transport, closure of business ordered, etc.)",,,,,,
74,reason1,lack_water,Lack of water (not drought related),Biyo la'aan(oo aan la xariirin abaar),,,,,
75,reason1,lack_food,Lack of food (not drought related),Cuno la'aan (oo aan la xariirin abaar),,,,,
76,reason1,livestock_disease,Livestock disease outbreak/livestock death,Cudurada xoolaha oo dilaaca/ xoolaha oo bakhtiya.,,,,,
77,reason1,pressure_authorities,Pressure from authorities or local communities,Cadaadis ka yimaada dowlada,,,,,
78,reason1,pressure_hc,Pressure from host communities,Cadaadis ka yimaada bulshada,,,,,
79,reason1,eviction,Eviction,Barankicin,,,,,
80,reason1,none,None,Midnaba,,,,,
81,reason1,dontknow,I don't know or don’t want to answ,Magaranyo ama marabo in aanka kajawabo,,,,,
,reason2,no_conflict,No conflict,Khilaaf la'aan,,,,,
,reason2,work_income,Availability of work/ income opportunities,Shaqo ayaa jirta ama fursado dhaqaale,,,,,
,reason2,health_ser,Presence of health services,Jiritaan adeegyo caafimaad,,,,,
,reason2,educ_ser,Presence of education services,Jiritaan adeegyo waxbarasho ,,,,,
,reason2,food_dist,Presence of food distribution/food aid,Jiritaan cuno qeybin / caawimaad cuno,,,,,
,reason2,shelter,Presence of shelter,Hoy ayaa jira ,,,,,
,reason2,water,Presence of water,Biyaha oo  goobta laga helo,,,,,
,reason2,cash,Presence of cash distribution,Waxa jira lacag qaybin ,,,,,
,reason2,family,To join family/community,In aan ku biiro qoyskayga ama bulshadeyda,,,,,
,reason2,none,None,Midnaba,,,,,
,reason2,dontknow,I don't know or don’t want to answ,Magaranayo ama marabo in aankajawaabo,,,,,
82,returnee_remain,yes,"Yes, will settle here","Haa, halkan ayan dageynaa",,,,,
83,returnee_remain,elsewhere_city,Will move elsewhere in this city,Meelkale oo kamid ah magaalada ayan dageynaa,,,,,
84,returnee_remain,elsewhere_somalia,Will move elsewhere in Somalia,Meelkale oo kamid ah Somalia ayan dageynaa,,,,,
85,returnee_remain,return_refugee,Will return to the previous country of refuge,Waxan kunoqoneynaa halkii aan kanimid,,,,,
86,returnee_remain,elsewhere_country,Will move to another country,Waxan aadeynaa wadankale,,,,,
87,returnee_remain,dontknow,I don't know if I want to move,Magaranayo in aan halkan katagi doono.,,,,,
88,date2,next_week,In the next week,Isbuuca soosocda,,,,,
89,date2,next_month,In the next month,Bisha soosocota,,,,,
90,date2,next_three_months,In the next three months,3' da bilood ee soosocota,,,,,
91,date2,next_six_months,In the next six months,6' da bilood ee soosocota,,,,,
92,date2,more_six_months,More than six months from now,6 bolood mudo kadabadan form hada kabilaabata,,,,,
93,edu_facilities,none,None,Midnaba,,,,,
94,edu_facilities,primary_boys,Primary school for boys,Dugsiga hoose ee wiilasha ,,,,,
95,edu_facilities,primary_girls,Primary school for girls,Dugsiga hoose ee gabdhaha ,,,,,
96,edu_facilities,primary_mixed,Primary mixed school for boys and girls,Dugsiga hoose oo wiilasha iyo gabdhaha wadaagaan ,,,,,
97,edu_facilities,secondary_boys,Secondary school for boys,Dugsiga sare ee wiilasha ,,,,,
98,edu_facilities,secondary_girls,Secondary school for girls,Dugsiga sare ee gabdhaha ,,,,,
99,edu_facilities,secondary_mixed,Secondary mixed school for boys and girls,Dugsiga sare oo wiilasha iyo gabdhaha wadaagaan ,,,,,
100,edu_facilities,quranic_boys,Quranic school for boys,Dugsiga quraanka ee inamada/ wiilasha ,,,,,
101,edu_facilities,quranic_girls,Quranic school for girls,Dugsiga quraanka ee hablaha/ gabdhaha ,,,,,
102,edu_facilities,ngo_mobile_schoole,NGO mobile school,Dugsi uu maamulo urur,,,,,
103,edu_facilities,basic_writing_math_boys,Basic writing and numeracy classes for boys,Fasaladda aas aasiga ee qoraalka iyo akhriska wiilasha/ inamada ,,,,,
104,edu_facilities,basic_writing_math_girls,Basic writing and numeracy classes for girls,Fasaladda aas aasiga ee qoraalka iyo akhriska hablaha/ Gabdhaha  ,,,,,
105,edu_facilities,don_know,Don't know,Aan garanayn ,,,,,
106,reason_school1,school_closed,Schools have closed,Dugsiga/ Schoolka wuu xidhnaa ,,,,,
107,reason_school1,no_teachers, Schools are open but lack willing teachers,Dugsiyada way furanyihiin laakin waxaan jirin macallimiin ,,,,,
108,reason_school1,lack_transport, Lack transportation to schools due to Covid-19 ,Gaadiidkii dugsiga lagu tagi lahaa oon jirin sababtoo ah covid 19.,,,,,
109,reason_school1,parent_stay_home, Parents prefer that children stay home,Waalidka oo ka doorbidey inay caruurta joogaan guriga,,,,,
110,reason_school1,children_stay_home, Children want to stay home,Caruurtu waxay rabaan inay guriga joogaan,,,,,
111,reason_school1,other, Other (specify),"Wax kale, fadlan qeex/sheeg",,,,,
112,reason_school1,no_answer, Not sure / prefer not to answer,Ma hubo/ ka doorbidey inaanu ka jawaabin ,,,,,
113,remote_edu,yes,Yes,Haa,,,,,
114,remote_edu,no,No,Maya,,,,,
115,remote_edu,not_sure,Not Sure,Ma hubo,,,,,
116,remote_via,online_classes,Online live classes with teachers (video / audio),Waxbarashada internetka oo maqal iyo muuqaal ah. ,,,,,
117,remote_via,radio, Radio classes ,Fasalada raadiyaha,,,,,
118,remote_via,television,Television classes,Fasalada telefishanka,,,,,
119,remote_via,audio_classes, Audio/Mp3 classes,Fasalada Audio / Mp3,,,,,
120,remote_via,learning_on, Learning app on phone/tablet,Application wax barasho ama mobile.,,,,,
121,remote_via,online, Online materials,Aaladaha internetka ,,,,,
122,remote_via,school, School textbooks,Buugaagta schoolka,,,,,
123,remote_via,reading, Reading books,Akhrinta buugaagta,,,,,
124,remote_via,additional, Additional paper-based learning materials,Qalabka wax barashada ee waraaqaha ah. ,,,,,
125,remote_via,other, Other (specify),"Wax kale, fadlan qeex/sheeg",,,,,
126,school_material,writing_matrials,"Basic writing materials (pen, paper, notebook)","Qalabka aas aasiga ah ee qoraalka ( qalin, warqad, buug)",,,,,
127,school_material,textbooks_matrials, School textbooks, Buugaagta schoolka,,,,,
128,school_material,paper_matrials, Other paper-based learning materials,Qalabka kale ee wax barashada ee waraaqaha ah.,,,,,
129,school_material,materials_matrials," Reading materials (storybooks, magazines)","Qalabka wax akhriska ( buugaagta sheekooyinka, joornaalada)",,,,,
130,school_material,radio, Radio,Radio ,,,,,
131,school_material,tablet_matrials, Computer / tablet with internet,Comuter/ mobile internet leh,,,,,
132,school_material,with_matrials, Smartphone with internet,Mabileda castiga ah oo internet leh ,,,,,
133,school_material,of_matrials, None of the above,midnaba,,,,,
134,school_material,sure_matrials, Not sure,Ma hubo,,,,,
135,school_barriers,no_barriers,No barriers (cannot select with any other option),Wax caqabado ah ma jirto ( Ma dooran karo ku kale),,,,,
136,school_barriers,schools_closed,Schools closed (for any reason),Iskuulada ayaa xiran (sabab kastoo jirta),,,,,
,school_barriers,no_school,No schools present,Skuulo ma jiraan,,,,,
137,school_barriers,schools_overcrowded,Schools overcrowded,Iskuulada ayaa buuxay,,,,,
138,school_barriers,security_concerns,Security concerns of child travelling or being at school,Caqabado la xidhiidha socodka caruurta ama tagista dugsiga.,,,,,
139,school_barriers,distance_to,Distance to school too far / lack transportation,Masaafada dugsiga oo aad u fog/ gaadhiid la'aan.,,,,,
140,school_barriers,school_fees,School fees and/or cost of materials,Lacagta dugsiga iyo lacagta agabka wax barashada.,,,,,
141,school_barriers,displaced,"recently or continuous movement to different locations, newly arrived at location and have yet to enrol/register",,,,,,
142,school_barriers,discrimination_enroll,unable to enrol school due to discrimination,ma geli karo dugsi sababa la xidhiidha cunsiriyad,,,,,
143,school_barriers,poor_performance,poor performance/dismissed,waa la eryay/ wuu dhacay ,,,,,
144,school_barriers,registration,Inability to register or enrol children in the school (Lack of documentation to enrol child,,,,,,
145,school_barriers,cannot_go,"Children cannot physically go to the school (Disability (of child), traumatization (of child), school is too far away, no transport available to bring to school, no fuel available to bring to school, child ill, disabled or unhealthy, child is too young)",,,,,,
146,school_barriers,overcrowded,School and classes are overcrowded,way buuxaan dugsiyadu ,,,,,
147,school_barriers,lack_teachers,"Lack of staff to run the school (Lack of teachers, lack of skilled/trained teachers, lack of gender appropriate teachers/staff)",Ma jiro cid dugsi wadaa sida macalimiin iyo shaqaale xirfad leh,,,,,
148,school_barriers,poor_infrastrcture,"School is in poor condition (e.g. lack of furniture, no electricity, water leaks, poor latrines, poor amenities, etc.)",dugsigu wuu dayacan yahay sida agabka iyo korontada ,,,,,
149,school_barriers,wash,WASH facilities are in poor conditions,Agabka nadafada ayaa ah mid liita ,,,,,
150,school_barriers,wash_gender,WASH facilities are not separated by gender,agabka nadaafada ah ayaa ah mid aan rag iyo dumar u kala qaybsanayn ,,,,,
151,school_barriers,curriculum,The curriculum and teaching are not adapted for children (curriculum is not appropriate; language is not appropriate),Caruurta laguma tababari karo manhajka u dagsan dugsiga,,,,,
152,school_barriers,chores,Children are busy working or supporting the household,Caruurta waxay naga caawiyaan shaqo maalmeed reerka ,,,,,
153,school_barriers,parents,Parental refusal to send children to school,Waalidka ayaa u diiday inay caruurto dugsiga tagaan,,,,,
154,school_barriers,no_interest,Lack of interest of children in education,Caruurta ayaan danaynaba waxbarashada,,,,,
155,school_barriers,other,Other (specify),"Wax kale, fadlan qeex/sheeg",,,,,
156,school_barriers,not_sure,Not sure,Ma hubo,,,,,
160,cashforeducation,not_needed_wanted,No support needed / wanted,Taageeradii loo baahnaa oo aan jirin,,,,,
161,cashforeducation,cash_school_fees,Payment of school fees,Bixinta Lacagta waxbarashada ,,,,,
162,cashforeducation,cash_equipment,"Cash for school supplies/equipment (bags, pencils, books, uniforms)","Lacag cadaan ah oo loogu talo galay agabka schoolka/ qalabka ( boorsooyinka, qalin qorka, buugaagta iyo dirayska)",,,,,
163,cashforeducation,cash_transport,Cash for transportation to school,Lacag cadaan ah ee loogu talo galay gaadiidka dugsiga.,,,,,
164,cashforeducation,cash_food,Cash for children’s fo,Lacag cadaan ah oo loogu talo galay cuntada caruurta.,,,,,
165,cashforeducation,cash_no_child_working,Cash to offset opportunity cost of child working,Lacag cadaan ah oo loogu talo galay fursadaha shaqo ee caruurta.,,,,,
166,cashforeducation,direct_equipment,"Direct provision of school supplies/equipment (bags, pencils, books, uniforms)","Bixinta tooska ah ee agabka schoolka/ qalabka ( boorsooyinka, qalin qorka, buugaagta iyo direyska)",,,,,
167,cashforeducation,direct_transport,Direct provision of transportation,Bixinta tooska ah ee gaadiidka ,,,,,
168,cashforeducation,direct_food,Direct provision of water and food for children,Bixinta tooska ah ee cuntada iyo biyaha caruurta ,,,,,
169,cashforeducation,healthcare,Healthcare at school,Daryeelka caafimaadka ee dugsiga ,,,,,
170,cashforeducation,alt_curriculum,Provision of alternative learning curriculum,Bixinta manhajka waxbarashada oo kala duwan ,,,,,
171,cashforeducation,assist_disabilities,Assistance for children with disabilities ,Caawimada caruurta laxaadka la'a ,,,,,
172,cashforeducation,assist_minorities,Assistance for children of minority groups,Cawimada caruurta dadka laga tirada badanyahay ,,,,,
173,cashforeducation,other,Other (specify),"Wax kale, fadlan qeex/sheeg",,,,,
174,cashforeducation,Not_sure,Not sure,Ma hubo,,,,,
175,homelearning,no_needed,No support needed / wanted,Aan u baahanyn wax caawimo ah/ doonayn ,,,,,
176,homelearning,cash,Cash,Lacag cadaan ah ,,,,,
177,homelearning,basic_materials,"Basic writing materials (pen, paper, notebook)","Agabka wax qorista ee aas aasiga ah (qalin, warqad ama buug)",,,,,
178,homelearning,school_textbooks,School textbooks,Buugaagta dugsiga ,,,,,
179,homelearning,other_paperbased,Other paper-based learning materials,Agabka wax barashada ee waraaqaha ah ,,,,,
180,homelearning,online_classes,Online classes,Casharo internetka ah ,,,,,
181,homelearning,radio,Radio,Dhagaysi ,,,,,
182,homelearning,mp3,Mp3,Mp3 ,,,,,
183,homelearning,computer_tablet,Computer / tablet,Computer / Tablet ,,,,,
184,homelearning,other,Other (specify),"Wax kale, fadlan qeex/sheeg",,,,,
185,homelearning,not_sure,Not sure,Ma hubo,,,,,
186,health_condition,none,No illness,Cudur Majiro,,,,,
187,health_condition,yes_diarhea,"Yes, diarrhea ","Haa, shuban",,,,,
188,health_condition,yes_fever,"Yes, fever ","Haa, qandho",,,,,
189,health_condition,yes_cough,"Yes, cough with fast or difficult breathing","Haa, ku qufac xoog leh ama neefsasho adag",,,,,
190,health_condition,yes_skin,"Yes, skin infections ","Haa, caabuq maqaarka ah ",,,,,
191,health_condition,yes_eye,"Yes, eye infections","Haa, caabuq indhaha ah ",,,,,
192,health_condition,yes_wound,"Yes, wounds and injuries","Haa, dhaawacyada iyo dhaawacyada",,,,,
193,health_condition,dontknow,Don’t kn,ma garanayo,,,,,
,health_access,no_seek,"No, did not seek any advice or treatment","Maya, ma doonin wax daawayn ah",,,,,
,health_access,no,No,Maya,,,,,
,health_access,yes,Yes,Haa,,,,,
195,health_seek,gov_hospital,Government hospital,Isbitaalka dowlada,,,,,
196,health_seek,government_center,Government health center,Xarunta caafimaadka ee dowladda,,,,,
197,health_seek,government_post,Government health post,Xarunta caafimaadka ee dowladda,,,,,
198,health_seek,community_worker,Community health worker,Shaqaalaha caafimaadka bulshada,,,,,
199,health_seek,mobile_clinic_outreach,Mobile / outreach clinic,xarun caafimad oo waregta,,,,,
200,health_seek,other_public,Other public medical (specify),Caafimaadka kale ee Bulshada (sheeg),,,,,
201,health_seek,private_clinic,Private hospital / clinic,isbitaal gaar loo leeyahay,,,,,
202,health_seek,private_physician,Private physician,Dhakhtarka gaarka ah,,,,,
203,health_seek,private_pharmacy,Private pharmacy ,Farmashiyaha gaarka loo leeyahay,,,,,
204,health_seek,community_health_worker,Community health worker ,Shaqaalaha caafimaadka bulshada,,,,,
205,health_seek,mobile_clinic,Mobile clinic ,xarun caafimad oo waregta,,,,,
206,health_seek,other_private_medical,Other private medical (specify),Caafimaadka kale gaarka loo leeyahay (qeex),,,,,
207,health_seek,relative_friend,Relative / friend ,Qaraabo / saaxiib,,,,,
208,health_seek,shop_street,Shop / market / street ,Dukaan / suuq / waddo,,,,,
209,health_seek,traditional_practitioner,Traditional practitioner ,Dhaqan-yaqaan dhaqameed,,,,,
210,health_seek,other,Other (specify),wax kale-qeex,,,,,
211,health_seek,dontknow,Don't know,Magaranayo,,,,,
212,y_n_dk,yes,Yes,Haa,,,,,
213,y_n_dk,no,No,No,,,,,
214,y_n_dk,dontknow,Don't know,Magaranayo,,,,,
215,birth_location,no_birth,No birth in the past year,Dhalasho la'aan sanadkii lasoo dhaafay,,,,,
216,birth_location,respondent_s,Respondent’s ho,Guriga jawaab bixiyaha ,,,,,
217,birth_location,other_home, Other home,Guri Kale,,,,,
218,birth_location,government_hospital, Government hospital, Isbitaalka dowlada,,,,,
219,birth_location,government_clinic, Government clinic,Xarun caafimaad oo dowladu ledahay,,,,,
220,birth_location,health_center, Health center, Xarunta caafimaadka,,,,,
221,birth_location,government_health, Government health post,Goob caafimaad dowlada,,,,,
222,birth_location,other_public, Other public health facility (specify), Xarunta kale ee caafimaadka bulshada (qeex/sheeg),,,,,
223,birth_location,private_hospital, Private hospital, Isbitaal gaar loo leeyahay,,,,,
224,birth_location,private_clinic, Private clinic, Rug caafimaad oo gaar loo leeyahay,,,,,
225,birth_location,private_maternity, Private maternity home, Guriga hooyonimada gaarka loo leeyahay,,,,,
226,birth_location,other_private, Other private health facility (specify) , Xarumo kale oo caafimaad oo gaar loo leeyahay (cadee),,,,,
227,birth_location,don_t, Don’t kn,Magaranayo,,,,,
228,who_assist,doctor,Doctor,Dhakhtarka,,,,,
229,who_assist,nurse, Nurse / midwife,umuliso/kalkaaliye ,,,,,
230,who_assist,other_health, Other health professional (specify),Kalkaliso/ Umuliso ,,,,,
231,who_assist,traditional, Traditional birth attendant,umuliso dhaqameed,,,,,
232,who_assist,community, Community health worker,shaqaalaha caafimaadka bulshada,,,,,
233,who_assist,relative, Relative / friend h,Qaraabo / saaxiib,,,,,
234,who_assist,other, Other (specify),wax kale-qeex,,,,,
235,who_assist,no, No one,Qofna,,,,,
236,who_assist,don, Don’t kn,Magaranayo,,,,,
237,time,less15,Less than 15 mins,in kayar 15 daqiiqo,,,,,
238,time,16_30, Less than 30 mins,in kayar 30 daqiiqo,,,,,
239,time,31_60, Less than 1h,in kayar 1 Saac,,,,,
240,time,60_180, Less than 3h,in kayar 3 Saac,,,,,
241,time,above180, More than 3h,3 saacadood wax ka badan,,,,,
,time,dnk,Don't know,ma garanayo,,,,,
242,transport_type,walking,Walking,Socodka,,,,,
243,transport_type,car,Car,Gaari,,,,,
244,transport_type,bus,Bus,Bas,,,,,
245,transport_type,moto,Moto,Mooto,,,,,
246,transport_type,cart,Cart,Kareeto/Gaari dameer ,,,,,
247,transport_type,other,Other ,wax kale,,,,,
248,barriers_health,no_issues,No issues,Ariin la'an,,,,,
249,barriers_health,have_not, Have not tried to access medical services ,Maan isku dayin inaad raadiyo adeegyada caafimaadka,,,,,
250,barriers_health,cost_high, Cost of services and/or medicine was too high,Qiimaha Adeega oo/ daawada aadbay qaali u ahyd ,,,,,
251,barriers_health,lack_staff, Did not get access to qualified health staff at the health facility,Kamaan hellin shaqaale caafimaad oo xirfad leh xarunta caafimaadka,,,,,
252,barriers_health,problems_civil, Problems with civil documents,Caqabad dhanka sharciga ah,,,,,
253,barriers_health,public_clinic, Public health clinic did not provide referral,Goobaha adeega caafimaadka ee dawladu ma bixiyaan adeega gudbinta ,,,,,
254,barriers_health,public_not_open, Public health clinic not open,Xaruunta Caafimaadka mala furo markaad tagto,,,,,
255,barriers_health,treatment_toofar, The treatment center was too far away/Transportation constraints,Xarunta daaweynta ayaa aad u fogaa / Caqabadaha Gaadiidka,,,,,
256,barriers_health,medical_refused, Medical staff refused treatment without any excuse,Shaqaalaha caafimaad oo diida daawaynta iyadoo aanay jirin wax cudur daar ah,,,,,
257,barriers_health,no_medicine, No medicine available at health facility/pharmacy,Kama jirto daawayn xarumaha caafimaadka/xarumaha daawada lagu gado/ pharmacy,,,,,
258,barriers_health,no_treament, No treatment available for my disease at the health facility,Ma jiro daawo cudurka leeyahay caafimaad ee ugu dhow,,,,,
259,barriers_health,no_pwd, Health services inaccessible to people with disabilities,Daawo ku haboon looma heli karo dadka laxaadka la'a ,,,,,
260,cashforhealth,dont_want,Don't want support,ma doonaayo caawimaad.,,,,,
261,cashforhealth,cash_doctor,Cash for doctor’s fe,lacagta dhaqaatiirta,,,,,
262,cashforhealth,cash_medicine,Cash for medicines,lacag kaasha ah oo lagu bixinayo daawada,,,,,
263,cashforhealth,direct_provision,Direct provision (Medicines),si toos ah daawada oo loo keeno,,,,,
264,cashforhealth,transport_to,Transport to facilities,Gaadiidka goobta aadaayo,,,,,
265,cashforhealth,qualified_workers_facilities,More qualified healthcare workers at facilities,shaqaala badan oo xirfad leh ayaa jooga.,,,,,
266,cashforhealth,qualified_home_health,More qualified healthcare workers for home-visits,shaqaala badan oo xirfad leh ayaa guryaha noogu yimaado.,,,,,
267,cashforhealth,increased_access,Increased access for physically disabled persons,Waxa kor u kacay adeega dadka naafada ah.,,,,,
268,cashforhealth,increased_services,Increased services for mentally disabled persons,Sare u qaadida adeegyada dadka dhimirka ka jiran  ,,,,,
269,cashforhealth,increased_services_khat,Increased services for addictions and consumption of khat,Sare u qaadida adeegyada dadka la qabatimay cunista qaadka ,,,,,
270,cashforhealth,other,Other – speci,wax kale-qeex,,,,,
271,cashforhealth,infrastructure_provision,"Infrastructure provision (More healthcare facilities, Near healthcare facilities)",Samaynta goobo caafimaad ( goobo caafimaad oo badan una dhow dadka),,,,,
272,cashforhealth,increased_access_clans,Increased access for minority groups/clans,Sare u qaadida adeega dadka laga tirade badan yahay ,,,,,
273,cashforhealth,services_PLWD,Increased services for pregnant or lactating women,Sare u qaadida haweenka uurka leh iyo kuwa nuujinaayo,,,,,
274,yes_no_notneeded,yes,Yes,Haa,,,,,
275,yes_no_notneeded,no,No,Maya,,,,,
276,yes_no_notneeded,not_needed,Not needed,Aan loo baahnayn ,,,,,
277,nutrition_barriers,unaware_services,"Unaware that services are available, ",Aan ka warqabin in adeegas la heli karo ,,,,,
278,nutrition_barriers,unaware_supplements,"Unaware that supplements are available, ",Aan ka warqabin in qalabkaas la heli karo,,,,,
279,nutrition_barriers,difficulty,"Difficulty in enrolling children in programmes, ",Ay adagtahay in caruurta laga diwaangaliyo barnaamujyada,,,,,
280,nutrition_barriers,facilities,"Facilities too far to travel to, ",Xarunta waa mid aad u fog,,,,,
281,nutrition_barriers,prohibitive,"Prohibitive costs, ",Qiimaha la mamnuucay ,,,,,
282,nutrition_barriers,insecurity,"Insecurity in travelling to and from centres, ",Amni darro xaga socodka tagista iyo ka imaatinka meelaha muhiimka ah.,,,,,
283,nutrition_barriers,inaccessible,"Inaccessible to disabled persons, ",Aanay heli karin dadka naafada ahi ,,,,,
284,nutrition_barriers,inaccessible_clans,"Inaccessible to minority groups/clans, ",Aanay heli karin dadka laga tirada badan yahay/ Qabiiladu ,,,,,
285,nutrition_barriers,facilities_not_staffed,"Facilities not staffed or staff not present, ",Xarumaha oon shaqaale lahayn ama aanay joogin ,,,,,
286,nutrition_barriers,not,"Not enough female/male service providers for female/male claimants, ",Aan ku filnayn dumarka/ Adeega ragga oo dumarku bixiyaan/ Dacwad ooge.,,,,,
287,nutrition_barriers,none,"None, ",Midna,,,,,
288,nutrition_barriers,other,If other specify (enter text),Hadday wax kale sheeg (gali qoraalka),,,,,
289,child_fever_time,yes_7more,"Yes, for 7 or more days","Haa, 7 maalmood ama kabadan",,,,,
290,child_fever_time,yes_7less,"Yes, for less than 7 days","Haa, wax ka yar 7 maalmood",,,,,
291,child_fever_time,no,No ,Maya,,,,,
292,eating,yes_eating,"Yes, eating and feeding normally","Haa, u cuna ama ama u quuta si caadi ah.",,,,,
293,eating,no_less2,"No, for less than two days","Maya, wax ka yar 2 maalmood",,,,,
294,eating,no_less3,"No, for three or more days","Maya, muddo 3 maalmood ama kabadan",,,,,
295,water_source,public_tap,Public tap/standpipe,Biyo dadwayne/qasabad/ beeb,,,,,
296,water_source,handpumps_Handpumps,Handpumps/boreholes ,ceelasha oo leh bamka,,,,,
297,water_source,protected_well,Protected well,ceel daboolan,,,,,
298,water_source,unprotected_well,Unprotected well ,Weel aan daboolnayn,,,,,
299,water_source,water_seller,Water seller/kiosks ,Xarumaha biyaha lagu iibiyo/ qasabadaha,,,,,
300,water_source,piped_neighbors,Piped connection to house (or neighbor's house) ,Biyaha tuubada ee guryaha kujira (ama dariska ugu jira),,,,,
301,water_source,protected_Protected,Protected spring ,Durdur la ilaaliyo,,,,,
302,water_source,unprotected_spring,Unprotected spring ,Durdur aan la ilaalin,,,,,
303,water_source,rain_water,Rain water collection ,Meelaha biyah roobka lagu uruuriyo,,,,,
304,water_source,bottled_water,"Bottled water, water sachets ","Biyah caagadaha, biyaha xiran",,,,,
305,water_source,tanker_Tanker,Tanker trucks ,booyadaha biyaha,,,,,
306,water_source,surface_dam,"Surface water (lake, pond, dam, river) ","biyaha oogada sare sida (harooyinka, Baliyada, biyo xireenada, wabiyada)",,,,,
307,water_source,other_please,Other (please specify) ,"wax kale, qeex",,,,,
308,water_source,don_t, Don’t kn,magaranayo,,,,,
309,enough_water,drinking,Drinking ,Cabbid,,,,,
310,enough_water,cooking,Cooking ,Cunto karin,,,,,
311,enough_water,personal_hygiene_,Personal hygiene (washing or bathing) ,Nadaafadda shaqsiyeed (dhaqitaanka ama qubeyska),,,,,
312,enough_water,other__domestic_purposes_,"Other domestic purposes (cleaning house, floor, etc.) ","Ujeeddooyinka kale ee guriga (guri nadiifinta, dabaqa, iwm.)",,,,,
313,enough_water,not_enough_water_,Not enough water to meet any of the above needs ,Majiraan biyo kufilan oo daboola mid kamida baahiyaha kore,,,,,
314,enough_water,dontknow,Don’t kn,magaranayo,,,,,
315,water_source_time,water_premises,Water on premises ,biyaha ku jira guryaha,,,,,
316,water_source_time,less_5_min,Less than 5 min to fetch and return ,in ka yar 5 daqiiqo si loosoo qaado oo loo soo noqdo,,,,,
317,water_source_time,between_and_15_min,Between 5 and 15 min to fetch and return ,inta u dhaxaysa 5 ilaa 15 daqiiqo si loosoo qaado loona soo noqdo,,,,,
318,water_source_time,between_and_30_min,Between 16 and 30 min to fetch and return,inta u dhaxaysa 16 ilaa 30 daqiiqo si loosoo qaado loona soo noqdo,,,,,
319,water_source_time,more_31min,More than 31min to fetch and return ,in kabadan 31 daqiiqo si loosoo qaado loona soo noqdo,,,,,
320,water_source_time,don_know,Don’t kn,magaranayo,,,,,
321,water_barriers,no_problem,No problem,dhib maleh,,,,,
322,water_barriers,waterpoints_far,Waterpoints are too far,Meelaha biyuhu aad bay u fogyihiin,,,,,
323,water_barriers,waterpoints_disabilities,Waterpoints are difficult to reach (especially for people with disabilities),meelaha biyuhu aad bay u adagtahya inaan gaarno (gaar ahaan dadka baahiyaha gaarka ah qaba),,,,,
324,water_barriers,fetching_activity,Fetching water is a dangerous activity,biyo soo dhaamin waa howl khatar ah,,,,,
325,water_barriers,some_waterpoints,"Some groups (children, women, elderly, ethnic minorities, etc.) do not have access to the waterpoints","kooxaha qaar (caruurta, haween, dadka waawayn, dadka laga tirada badanyahay, IWM) awood umalahan isticmaalka meelaha biyaha",,,,,
326,water_barriers,insufficient_points;,Insufficient number of water points / waiting time at water points;,tirada xarumaha biyaha oo aan ku filnayn/ wakhtiga sugida ee xarumaha biyaha,,,,,
327,water_barriers,water_close,Water points are not functioning or close,xarumaha biyaha oo aan shaqayn am xiran,,,,,
328,water_barriers,water_market,Water is not available at the market,biayah oo aan suuqa laga helin,,,,,
329,water_barriers,water_expensive,Water is too expensive,biyaha oo aad qaali u ah,,,,,
330,water_barriers,not_water,Not enough container to store the water ,weel ku filan oo biyaha lagu kaydiyo,,,,,
331,water_barriers,don_water,Don’t like taste / quality of wat,dhadhanka oo aan lajeclaysan/ tayada biyaha,,,,,
332,water_barriers,other_list,Other (please list),"wax kale, qeex",,,,,
333,water_barriers,don_know,Don’t kn,magaranayo,,,,,
334,lack_water,doesn_t_have_issue,The HH does not have any issue;,qoysku wax dhiba kuma qabaan,,,,,
335,lack_water,rely_less_preferred,Rely on less preferred (unimproved/untreated) water sources for drinking water;,Ku tiirsan biyo aan la jeclaan (aan daryeel lahayn / aan la daaweyn) ee xarumaha biyo la cabbo;,,,,,
336,lack_water,surface_water,Rely on surface water for drinking water; ,Ku tiirsan biyaha oogada ee biyaha lacabo,,,,,
337,lack_water,less_preferred_cooking,Rely on less preferred (unimproved/untreated) water sources for other purposes such as cooking and washing;,Ku tiirsan biyo aan la jeclaan (aan daryeel lahayn / aan la daaweyn) xarumaha biyo ee loo isticmaalo dhaqida iyo ;,,,,,
338,lack_water,surface_water_cooking,Rely on surface water for other purposes such as cooking and washing;,ugu tiirsan adeega biyah howlo kale sida cunto karin iyo dhardhaqaal,,,,,
339,lack_water,unsual_source,Fetch water at a source further than the usual one;,biyo dhaamin meel ka durugsan meelihii hore,,,,,
340,lack_water,send_children_water,Send children to fetch water;,caruurta oo loo diro inay biyaha soo dhaamiyaan,,,,,
341,lack_water,dangerious_source,Fetch water at a source that could be dangerous; ,biyaha oo laga soo dhaamiyo meelo khatar ah,,,,,
342,lack_water,or_credit_for,Spend money (or credit) on water that should otherwise be used for other purposes; ,Lacag ama (dayn) lagu bixiyo biyihii loo isticmaali lahaa ujeedoyinka kale,,,,,
343,lack_water,consumption_less,Reduce drinking water consumption (drink less);,yaraynta isticmaalka biyahii lacabi lahaa,,,,,
344,lack_water,dangerious_other,"Reduce water consumption for other purposes (bathe less, etc.);",yaraynta isticmaalka biyihii howlaha kale loo isticmaalihaa sida (qubayska. IWM),,,,,
,lack_water,other,Other (please list);  ,Fadlan sheeg wax kale,,,,,
345,lack_water,Don_know,Don’t kn,wax kale (fadlan tax); magaranyo,,,,,
346,latrine_type,flush_toilet,Flush or pour/flush toilet ,musqusha oo biyo lagu shubo,,,,,
347,latrine_type,pit_latrine_without,Pit latrine without a slab or platform ,Musqulaha godka ah ee aan daboolka ama cagdhiga lahayn,,,,,
348,latrine_type,pit_latrine_with,Pit latrine with a slab and platform ,Musqulaha godka ah ee daboolka iyo cagdhiga leh,,,,,
349,latrine_type,open_hole,Open hole ,God daloola,,,,,
350,latrine_type,pit_VIP,Pit VIP toilet ,Musqul waxwal udhamaystiranyihiin (VIP) ah,,,,,
351,latrine_type,none_of,"None of the above, open defecation ","midna inta sare, banankusaxarood",,,,,
352,latrine_type,other,Other (specify) ,"wax kale, qeex",,,,,
353,latrine_type,dontknow,Don't know,magaranayo,,,,,
354,latrine_feature,door,Door,Albaab,,,,,
355,latrine_feature,walls_,Walls that protect privacy,Darbi difaaci kara siraha,,,,,
356,latrine_feature,lock,Lock to close door,Qataar gudaha looga xiro,,,,,
357,latrine_feature,inside,Inside light,Layrka gudaha,,,,,
358,latrine_feature,outside,Outside light,Layrka banaanka,,,,,
359,latrine_feature,marked,Marked separated facilities between women and men (for shared or communal facilities),calaamadaynta inlakala saaro adeega raga iyo dumarka (tasiilaadka ama xarumaha lawadaago),,,,,
360,latrine_feature,close,Close to dwelling (less than 50m),Meel udhow guriga (inkayar 50 mitir),,,,,
361,latrine_feature,access,Access for persons with disabilities,Gaarikara dadka naafada ah,,,,,
362,latrine_feature,soap,Soap and washbasin at latrine,Saabuun iyo dhaqida sagxada musqusha,,,,,
363,waste_disposal,covered_pit,Household or communal covered pit,Guryaha ama ceelasha oo lawadaago,,,,,
364,waste_disposal,burial,Burial if in designated areas far from houses and water sources,Aaska haddii ay tahay meelaha loogu talagalay in ka fog guryaha iyo ilaha biyaha,,,,,
365,waste_disposal,In_open,In open,Banaan,,,,,
366,waste_disposal,burning,Burning (near or far from home),Gubista (meel guryaha udhow ama ka fog),,,,,
367,sanitation_barriers,no_problem,No problem,dhib maleh,,,,,
368,sanitation_barriers,lack_crowded, Lack of sanitation facilities (latrines/toilets) / facilities too crowded,La'aanta agabka fayadhowrka (musqulo / musqulo) /agabka aad ubuux dhaafay,,,,,
369,sanitation_barriers,sanitation_full, Sanitation facilities (latrines/toilets) are not functioning or full,Agabka fayadhowrka (musqulo / musqulo) oo aan shaqaynayn ama buuxa,,,,,
370,sanitation_barriers,sanitation_unhygienic, Sanitation facilities (latrines/toilets) are unclean/unhygienic,Agabka fayadhowrka (musqulo / musqulo) oo aan nadiif ahayn/ nadaafad lahayn,,,,,
371,sanitation_barriers,sanitation_etc, Sanitation facilities (latrines/toilets) are not private (no locks/door/walls/lighting etc.),Agabka fayadhowrka (musqulo / musqulo) oo aan sirlahayn (malahan qataar/ilbaab/darbi/laydh. Iwm),,,,,
372,sanitation_barriers,sanitation_women, Sanitation facilities (latrines/toilets) are not segregated between men and women,Agabka fayadhowrka (musqulo / musqulo) oo aan ukala saarnayn rag iyo dumar,,,,,
373,sanitation_barriers,sanitation_far, Sanitation facilities (latrines/toilets) are too far,Agabka fayadhowrka (musqulo / musqulo) oo aad u fog,,,,,
374,sanitation_barriers,sanitation_disabilities, Sanitation facilities (latrines/toilets) are difficult to reach (especially for people with disabilities),Agabka fayadhowrka (musqulo / musqulo) oo aad u adag in lagaaro (gaar ahaan dadka baahiyaha gaarka ah leh),,,,,
375,sanitation_barriers,going_dangerous, Going to the sanitation facilities (latrines/toilets) is dangerous,Aadida meelaha agabka fayadhowrka (musqulo / musqulo) oo aad khatar u ah,,,,,
376,sanitation_barriers,some_toilets," Some groups (children, women, elderly, ethnic minorities, etc.) do not have access to sanitation facilities (latrines/toilets)","kooxaha qaar (caruurta, haween, dadka waawayn, dadka laga tirada badanyahay, IWM) awood umalahan isticmaalka meelaha agabka fayodhowrka (suuliyasha/musqulaha)",,,,,
377,sanitation_barriers,other, Other (specify),"wax kale, qeex",,,,,
378,sanitation_barriers,don_know, Don't know,magaranayo,,,,,
379,sanitation_coping,no_problem,The HH does not have any issue;,qoysku wax dhiba kuma qabaan,,,,,
380,sanitation_coping,less_prefered_toilets,Rely on less preferred (unhygienic/unimproved) sanitation facilities (latrines/toilets),kutiirsanaanta inkayar (aan nadaafad lahayn/ aan lahormarin) agabka fayadhowrka (musqulaha/suuliyaasha),,,,,
381,sanitation_coping,latrines_toilets,Rely on communal sanitation facilities (latrines/toilets),kutiirsanaanta wadaaga agabka fayadhowrka (musqulaha/suuliyaasha),,,,,
382,sanitation_coping,plastic_bag,Defecate in a plastic bag,Ku gudasho xaajada bac,,,,,
383,sanitation_coping,the_open,Defecate in the open,ku gudasho xaajada meel banaan ah,,,,,
384,sanitation_coping,usual_one,Going to sanitation facilities (latrines/toilets) further than the usual one,Aadista meelaha agabka fayadhowrka (musqulaha/suuliyaasha) marka loo eego kuwa caadigaa,,,,,
385,sanitation_coping,dangerous_place,Going to sanitation facilities (latrines/toilets) in a dangerous place,Aadista meelaha agabka fayadhowrka (musqulaha/suuliyaasha) oo ah meel aad khatar u ah,,,,,
386,sanitation_coping,at_night,Going to sanitation facilities (latrines/toilets) at night,Aadista meelaha agabka fayadhowrka (musqulah/suuliyaasha) xiliyada habeenkii,,,,,
387,sanitation_coping,other,Other (specify);,"wax kale, qeex",,,,,
388,sanitation_coping,don_know, Don't know,magaranayo,,,,,
389,hand_washing_facility,no_specific,"No specific handwashing device (no device at all or only pouring device or simple basin/bucket, with no taps)","Majidho nooc gaar oo aalad gacmo dhaqasho (gabi ahaan majidho wax aalad ah haba yaraatee ama biyo fudud ama baaldi, oo aan lahayn tuubbo) ",,,,,
390,hand_washing_facility,sink_with_tap,Sink with tap water,meel god ah ah oo biyo tuubo leh,,,,,
391,hand_washing_facility,buckets_with_taps,Buckets with taps,Baaldiyo leh qasabado,,,,,
392,hand_washing_facility,tippy_tap,Tippy tap,Tuubo,,,,,
393,hand_washing_facility,other,Other (specify),"waxkale, qeex",,,,,
394,hand_washing_facility,dontknow,Don't know,magaranayo,,,,,
395,hand_washing_coping,any_issue,The HH does not have any issue,qoysku wax dhiba kuma qabaan,,,,,
396,hand_washing_coping,rely_less_preferred, Rely on less preferred types of NFI,Kutiirsan wax yar oo nooc maacuunta ka mida,,,,,
397,hand_washing_coping,rely_soap_substitutes," Rely on soap substitutes (sand or other rubbing agents for soap, clothing for diapers, etc.)","ku tirsananshaha ashyada lagu badalan karoh oo mada(ciid ama waxyabaha xoqmah oo omada,xirashada daiberka i.w.m)",,,,,
398,hand_washing_coping,buying_at_further, Buying NFI at a market place further than the usual one,gadashada walxaha aan cunada aheyn ee suqa iyadon aheyn kii saxdahaa,,,,,
399,hand_washing_coping,buying_at_dangerious,  Buying NFI at a market place in a dangerous place,gadashada walxaha aan cunada ahyen ee suuqayaal  meel khatar ah,,,,,
400,hand_washing_coping,borrow_from_relative,  Borrow NFI from a friend or relative ,kasoo amaahashada walxaha aan cunada ahyen saaxibka ama qaraabada,,,,,
401,hand_washing_coping,spend_or_used,  Spend money (or credit) on NFI that should otherwise be used for other purposes,ku bixin lacag (ama deyn)walxaha  aan cunda aheyn kuwas oo lo isticmali karoh walxo kale,,,,,
402,hand_washing_coping,reduce_consumption_consumption,  Reduce NFI consumption for personal hygiene,yareynta waxyabaha aan cunada ahyen oo nadafad shaqsiyed loo isticmaloh,,,,,
403,hand_washing_coping,reduce_consumption_cleaning,"  Reduce NFI consumption for other purposes (cleaning dishes, laundry, etc.) ","yareynta waxyabaha aan cunada ahyen oo loo isticmalo dano kale(nadiifinta welasha,dhiqitanka dharka i.w.m)",,,,,
405,hand_washing_coping,dontknow,  Don't know,ma aqaan,,,,,
,menstrual_barriers,no_problem,No problems,wax dhib ah majiro,,,,,
,menstrual_barriers,no_access,No supplies available to purchase,Ma jirto alaab la iibsado,,,,,
,menstrual_barriers,no_money,Cannot afford to puchase supplies,Awood uma lihi inaan iibsado alaabta,,,,,
,menstrual_barriers,other,Other (specify),Wax kale (fadlan qeex),,,,,
,hand_washing_times,never,Never,Marna,,,,,
,hand_washing_times,serving,Before serving food,Kahor guridda cuntada,,,,,
,hand_washing_times,meals,Before eating,Kahor intaadan cunin cunada,,,,,
,hand_washing_times,feeding_baby,Before feeding baby (including breastfeeding),Kahor quudinta ilmaha (oo ay ku jiraan naasnuujinta),,,,,
,hand_washing_times,toilet,after defecating or urinating,kaadida ama gudashada xaajada kadib,,,,,
,hand_washing_times,cooking,Before cooking or preparing food,Kahor intaanad karin ama diyaarin cuntada,,,,,
,hand_washing_times,caring_sick,Before/after caring for someone who is sick,Kahor / kadib daryeelida qof jiran,,,,,
,hand_washing_times,coughing,"After coughing, sneezing, or blowing your nose","Ka dib marka aad qufacdid, hindhisto, ama san daarashada",,,,,
,hand_washing_times,other,Other,kuwo kale,,,,,
406,shelter_type,buul,Buul,buul,,,,,
407,shelter_type,timer_,Timer and plastic sheet with CGI roof,miter iyo lamiyer caag ah oo CGF saqaf,,,,,
408,shelter_type,cgi,CGI sheet wall and CGI roof,(CGI) darbi jiingad ah iyo saqaf,,,,,
409,shelter_type,mud,Mud and stick wall and CGI roof,dhoobo iyo darbi qorya ah iyo saqaf CGI ah,,,,,
410,shelter_type,stone,Stone/brick wall and CGI roof,dhagax/darbi buliketi ah iyo saqaf bir ah,,,,,
411,shelter_type,brick,"Brick and concrete house (solid, finished house or apartment)","buluketi iyo guri dhameystiran(adke,guri dhamaystiran ama qaybo qaybo ah )",,,,,
412,shelter_type,unfinished,Unfinished / non-enclosed building,Aan dhamaystirnayn/dhisme aan xirneyn,,,,,
413,shelter_type,stick,Stick wall and thatch roof,darbi qoryoah iyo saqaf,,,,,
414,shelter_type,collective,Collective shelter,hooy kasamaysan waxyabo laso aruuriyey,,,,,
415,shelter_type,tent,Tent,teendho,,,,,
416,shelter_type,makeshift,Makeshift shelter,sameyn badalasho hoy,,,,,
417,shelter_type,none,None (sleeping in open),waxbah(seexasho meel banan),,,,,
418,shelter_type,other,Other (specify),wax kale(cadee),,,,,
419,shelter_type,not_sure,Not sure,ma hubo,,,,,
420,lack_enclosure,lack_insulation,Lack of insulation from cold,malahan wax qabowga laga galo,,,,,
421,lack_enclosure,leaks_light_rain,Leaks during light rain,da'i tan xiliyada robabka yaryar,,,,,
422,lack_enclosure,leaks_heavy_rain,Leaks during heavy rain,da'I tan xiliyada robabka culculus,,,,,
423,lack_enclosure,limited_room,Limited ventilation (less than 0.5m2 ventilation in each room including kitchen),yaranshiyo meel hawadu kasoo gasho(ka yar 0.5m2 yaranshiyo hawo ooqol walba ah laguna darey jikada),,,,,
424,lack_enclosure,presence_removable,Presence of dirt or debris (removable),kahelitan wasaqed ama qashin(laga fujin karoh),,,,,
425,lack_enclosure,presence_debris,Presence of dirt or debris (non-removable),kahelitan wasaqed ama qashin(aan laga fujin karin),,,,,
426,lack_enclosure,none_of,None of the above,inta kor ku xusan maha,,,,,
427,lack_enclosure,not_sure,Not sure,ma hubo,,,,,
428,shelter_damage,opening_cracks,Opening or cracks in roof,banananshoh ama dildilaac saqafka ah,,,,,
429,shelter_damage,roof_Roof,Roof partially collapsed,saqafka oo qayb duntay ,,,,,
430,shelter_damage,broken_or,Broken or cracked windows,jajabnashoh ama dililaac daqadaha,,,,,
431,shelter_damage,exterior_to,Exterior doors broken / unable to shut properly,albaabadi dibada oo jajaban/ aan sifican u xirmi karin ,,,,,
432,shelter_damage,exterior_or,Exterior doors or windows missing,Albabada bananka ama daqadaha oo maqan ,,,,,
433,shelter_damage,large_in,Large cracks / openings in most walls,dilaacyo waweeyn/furnaansho darbiyada badankod,,,,,
434,shelter_damage,some_in,Some cracks in some walls,dildilaac darbiyada qaarkood,,,,,
435,shelter_damage,some_walls,Some walls fully collapsed,darbiyada qaarkood oo gabi ahaanba dumey,,,,,
436,shelter_damage,damaged_Damage,Damaged floors,cagdhiga oo waxyeelobay ,,,,,
437,shelter_damage,severe_unsafe,Severe structural damage and unsafe for living ,dhismaha oo sidaran u waxyeelobay iyo  in aan lagu noolaankarin ,,,,,
438,shelter_damage,total_Total,Total structural collapse,dhismaha oo gabi ahanba dumay,,,,,
439,shelter_damage,foundation_damaged,Foundation damaged or shifted,asaaska oo waxyeelobay  ama la badaley,,,,,
440,shelter_damage,gas_sewage,"Gas, water or sewage system damaged ","gaaska,biyaha ama ilaha biyaha wasaqeysan oo wxyeelobay",,,,,
441,shelter_damage,electricity_and,Electricity supply line damaged and not functional,korontada fiiladedi oo waxyeelowday ama aan shaqeyneyn,,,,,
442,shelter_damage,other,Other (specify),wax kale ( cadee),,,,,
443,shelter_damage,none_of,None of the above,waxyabaha kor kuxusan midna mahan,,,,,
444,shelter_damage,not_sure,Not sure / prefer not to say,ma huboh/ma raboh inaan ka jawaboh,,,,,
445,unable_repair,lack_money,Lack of money,lacag la'an,,,,,
446,unable_repair,lack_materials,Lack of materials,"Agab la, aan ",,,,,
447,unable_repair,unavailability_labour,Unavailability of skilled labour,helitan laan shaqalo xirfada leh,,,,,
448,unable_repair,other,Other (specify),waxkale (cadee),,,,,
449,shelter_issues,lack_bathing,Lack of bathing facilities,helitan laan agabka lagu qubeystoh,,,,,
450,shelter_issues,bathing_are,Bathing facilities are unsafe,agabka lagu qubeystoh oo aan xafidneyn,,,,,
451,shelter_issues,lack_cooking,Lack of access to cooking facilities,awood aan loo heyn ama lo heli karin agabka wax lagu kariyoh,,,,,
452,shelter_issues,cooking_are,Cooking facilities are unsafe,agabka wax lagu kariyo oo aan kafidneyn,,,,,
453,shelter_issues,lack_inside,Lack of lighting inside the shelter,helitan  la'an laydh guriga dhexdisa ah,,,,,
454,shelter_issues,lack_around,Lack of lighting around the shelter,helitan la'an laydh guriga aga gaarkisa,,,,,
455,shelter_issues,lack_partitions,"Lack of privacy inside the shelter (no partitions, doors)","helitan la'an hooy gaar ahaansho( kala qaybsanan la,aan iyo albaabo la,aan)",,,,,
456,shelter_issues,lack_per,Lack of space inside shelter (min 21m2 per hh),heli taan la'an meel banaan gudaha guriga(min 21m2  cala guri qosed),,,,,
457,shelter_issues,unable_home,Unable to lock home securely,looma xiri karo guriga si amaanka ilalineysah,,,,,
458,shelter_issues,theft,Theft,xatooyo,,,,,
459,shelter_issues,other_security,Other security incidents,dhacdooyin amaan daro,,,,,
460,shelter_issues,fire,Fire,dab,,,,,
461,shelter_issues,poor_of,Poor construction or materials (risk of collapse),dhismo xun ama qalab(khataro dumid kalifi kara),,,,,
462,shelter_issues,other,Other (specify),wax kale (cadee),,,,,
463,shelter_issues,none,None of the above,waxyabaha kor kuxusan maha,,,,,
464,shelter_issues,not_sure,Not sure / prefer not to say,ma huboh/ma raboh inaan ka jawaboh,,,,,
465,hh_cook,kitchen,In kitchen,jiko dhexdeed,,,,,
466,hh_cook,shelter,In shelter (no separate kitchen),Hoyga gudihisa(aan jikadu ka goneyn),,,,,
467,hh_cook,open_air,Open air,hawo furan,,,,,
468,hh_cook,other,Other (specify),wax kale ( cadee),,,,,
469,occupancy,ownership,Ownership,lahaansho,,,,,
470,occupancy,rented,Rented ,kireystey,,,,,
471,occupancy,hosted,"Hosted without rent (by family, friends, institution)","marti galin aan kiro labixineyn(qoyska,asxaap)",,,,,
472,occupancy,no_occu,No occupancy agreement / squatting,jiritan laan ogolansho dagenanshoh ama sharciyadeed,,,,,
473,occupancy,other,Other (specify),wax kale (cadee),,,,,
474,occupancy,not_sure,Not sure / prefer not to say,ma huboh/ma raboh inaan ka jawaboh,,,,,
475,y_n_dk_dontsay,yes,Yes,haa,,,,,
476,y_n_dk_dontsay,no,No,maya,,,,,
477,y_n_dk_dontsay,dontknow,Don't know,ma hubo,,,,,
478,y_n_dk_dontsay,prefer_not,Prefer not to answer,ma raboh inaan ka jawabo,,,,,
479,hlp_problems,disputed_ownership,Disputed ownership,isku qabsasho mulkiyada ,,,,,
480,hlp_problems,property_occupation,Property unlawfully occupied by others (secondary occupation),sheygi oo si sharci dara ah logu buxiyey qof kale,,,,,
481,hlp_problems,disputes_tenant,Disputes about rent (including payment) between landlord and tenant,muraan ka tagan dhanka kirada(iyado ay ku jirtoh lacagti)oo ay ka dhaxeysoh mulkilaha iyo qofki dagana,,,,,
482,hlp_problems,rules_clear,Rules and processes on housing and land not clear,xeerarki iyo qaabki guriyeynta iyo dhulka oon  cadeyn,,,,,
483,hlp_problems,inheritance_issues,Inheritance issues ,xalad dhaxal ah ,,,,,
484,hlp_problems,lack_documents,Lack or loss of housing land tenancy or ownership documents,"helitan la,aan amba lumitan sharciyadi guriga ama cadeynti mulkiyadeed",,,,,
485,hlp_problems,looting_property,Looting of private property,boob hanti gaar ahaaned,,,,,
486,hlp_problems,threat_others,Threat of eviction/harassment by landlord or others,hanjabad kasarid/dhibato kaga timado mulkilaha guriga iyo dad kale,,,,,
487,hlp_problems,other,Other (specify),wax kale (cade),,,,,
488,hlp_problems,none,None of the above,waxyabaha kor kuxusan maha,,,,,
489,hlp_problems,not_sure,Not sure / prefer not to say,ma huboh/ma raboh inaan ka jawaboh,,,,,
490,nfi_items,beddting_items,Bedding items,waxyabaha la goglado,,,,,
491,nfi_access,wintting_blankets,Winter blankets,bustayasha qabobaha,,,,,
492,nfi_access,mattting_mats,Mattresses / sleeping mats,joodariyal\jodariga lagu sexdoh,,,,,
493,nfi_access,cookting_utensils,Cooking utensils,alabtaa cunada lagu karsado,,,,,
494,nfi_access,cookting_fuel,Cooking fuel,gaaska cunada lagu kariyo,,,,,
495,nfi_access,wateting_containers,Water containers ,cagadaha biyaha,,,,,
496,nfi_access,jerrting_can,Jerry can,jirgaan,,,,,
497,nfi_access,Torches,Torches,tooshash,,,,,
498,nfi_access,solating_lamps,Solar lamps,Laambada qoraxda,,,,,
499,nfi_access,solating_panels,Solar panels,Gudida qoraxda,,,,,
500,nfi_access,Generators,Generators,Matoor,,,,,
501,nfi_access,Batteries,Batteries,Battery,,,,,
502,nfi_access,Clothing,Clothing,Dhar,,,,,
503,nfi_access,wintting_clothing,Winter clothing,Dharka qabooga laga xirto,,,,,
504,nfi_access,Shoes,Shoes,Kabaha,,,,,
505,nfi_access,wintting_shoes,Winter shoes,Kabaha Qaboowga laga xirto,,,,,
506,nfi_access,wintting_heaters,Winter heaters,Mukeyfka xiliga qaboowga la isticmaalo,,,,,
507,nfi_access,heatting_fuel,Heating fuel,Shidaal wax lagu kariyo,,,,,
508,nfi_access,dispting_diapers,Disposable diapers,cafaayad,,,,,
509,nfi_access,saniting_pads,Sanitary pads,Waraaqaha fayadhowrka,,,,,
510,nfi_access,Soap,Soap,Saabuun,,,,,
511,nfi_access,washting_powder,Washing powder,boodharka wax lagu dhaqo,,,,,
512,nfi_access,cleating_house,Cleaning liquid (for house),dareeraha nadaafada loo isticmaalo,,,,,
513,nfi_access,deteting_dishes,Detergent (for dishes),Saabuun,,,,,
514,nfi_access,hygiting_kits,Hygiene kits,xirmooyinka  nadaafada,,,,,
515,nfi_access,handting_sanitiser,Hand sanitiser,Gacmo nadiifiye,,,,,
516,nfi_access,faceting_masks,Face masks,Gafuur xirka,,,,,
517,nfi_access,dispting_gloves,Disposable gloves,Galoofyada la tuuro,,,,,
518,nfi_access,mosqting_Nets,Mosquito Nets,Mara kaneeco,,,,,
519,nfi_market,beddting_items,Bedding items,gogosha sariirta,,,,,
520,nfi_market,wintting_blankets,Winter blankets,bustayaasha jiilaalka,,,,,
521,nfi_market,mattting_mats,Mattresses / sleeping mats,joodariga,,,,,
522,nfi_market,cookting_utensils,Cooking utensils,maacuunta karinta,,,,,
523,nfi_market,cookting_fuel,Cooking fuel,shidaalka karinta,,,,,
524,nfi_market,wateting_containers,Water containers ,weelasha biyaha,,,,,
525,nfi_market,jerrting_can,Jerry can,Caag,,,,,
526,nfi_market,Torches,Torches,Toosh,,,,,
527,nfi_market,solating_lamps,Solar lamps,Laambada qoraxda,,,,,
528,nfi_market,solating_panels,Solar panels,Gudida qoraxda,,,,,
529,nfi_market,Generators,Generators,Matoor,,,,,
530,nfi_market,Batteries,Batteries,bateriga,,,,,
531,nfi_market,Clothing,Clothing,dharka,,,,,
532,nfi_market,wintting_clothing,Winter clothing,dharka jiilaalka,,,,,
533,nfi_market,Shoes,Shoes,kabaha,,,,,
534,nfi_market,wintting_shoes,Winter shoes,kabaha jiilaalka,,,,,
535,nfi_market,wintting_heaters,Winter heaters,kuleyliyeyaasha jiilaalka,,,,,
536,nfi_market,heatting_fuel,Heating fuel,kuleylinta shidaalka,,,,,
537,nfi_market,dispting_diapers,Disposable diapers,xafaayadaha la tuuri karo,,,,,
538,nfi_market,saniting_pads,Sanitary pads,Waraaqaha fayadhowrka,,,,,
539,nfi_market,Soap,Soap,Saabuun,,,,,
540,nfi_market,washting_powder,Washing powder,budada dharka lagu dhaqo,,,,,
541,nfi_market,cleating_house,Cleaning liquid (for house),nadiifinta dareeraha,,,,,
542,nfi_market,deteting_dishes,Detergent (for dishes),Saabuun,,,,,
543,nfi_market,hygiting_kits,Hygiene kits,xirmooyinka  nadaafada,,,,,
544,nfi_market,handting_sanitiser,Hand sanitiser,Gacmo nadiifiye,,,,,
545,nfi_market,faceting_masks,Face masks,Gafuur xirka,,,,,
546,nfi_market,dispting_gloves,Disposable gloves,Galoofyada la tuuro,,,,,
547,nfi_market,mosqting_Nets,Mosquito Nets,Mara kaneeco,,,,,
548,cashforshelter,beddting_items,Bedding items,gogosha sariirta,,,,,
549,cashforshelter,wintting_blankets,Winter blankets,bustayaasha jiilaalka,,,,,
550,cashforshelter,mattting_mats,Mattresses / sleeping mats,joodariga,,,,,
551,cashforshelter,cookting_utensils,Cooking utensils,maacuunta karinta,,,,,
552,cashforshelter,cookting_fuel,Cooking fuel,shidaalka karinta,,,,,
553,cashforshelter,wateting_containers,Water containers ,weelasha biyaha,,,,,
554,cashforshelter,jerrting_can,Jerry can,Caag,,,,,
555,cashforshelter,Torches,Torches,Toosh,,,,,
556,cashforshelter,solating_lamps,Solar lamps,Laambada qoraxda,,,,,
557,cashforshelter,solating_panels,Solar panels,solarka qoraxda,,,,,
558,cashforshelter,Generators,Generators,Matoor,,,,,
559,cashforshelter,Batteries,Batteries,Battery,,,,,
560,cashforshelter,Clothing,Clothing,dharka,,,,,
561,cashforshelter,wintting_clothing,Winter clothing,dharka jiilaalka,,,,,
562,cashforshelter,Shoes,Shoes,kabaha,,,,,
563,cashforshelter,wintting_shoes,Winter shoes,kabaha jiilaalka,,,,,
564,cashforshelter,wintting_heaters,Winter heaters,kuleyliyeyaasha jiilaalka,,,,,
565,cashforshelter,heatting_fuel,Heating fuel,kuleylinta shidaalka,,,,,
566,cashforshelter,dispting_diapers,Disposable diapers,xafaayadaha la tuuri karo,,,,,
567,cashforshelter,saniting_pads,Sanitary pads,Waraaqaha fayadhowrka,,,,,
568,cashforshelter,Soap,Soap,Saabuun,,,,,
569,cashforshelter,washting_powder,Washing powder,budada dharka lagu dhaqo,,,,,
570,cashforshelter,cleating_house,Cleaning liquid (for house),nadiifinta dareeraha,,,,,
571,cashforshelter,deteting_dishes,Detergent (for dishes),Saabuun,,,,,
572,cashforshelter,hygiting_kits,Hygiene kits,xirmooyinka  nadaafada,,,,,
573,cashforshelter,handting_sanitiser,Hand sanitiser,Gacmo nadiifiye,,,,,
574,cashforshelter,faceting_masks,Face masks,Gafuur xirka,,,,,
575,cashforshelter,dispting_gloves,Disposable gloves,Galoofyada la tuuro,,,,,
576,cashforshelter,mosqting_Nets,Mosquito Nets,Mara kaneeco,,,,,
577,movement_restriction,yes_1,"Yes, within the block or camp","Haa, xerada gudaheeda ama xaafda xerada gudaheeda",,,,,
578,movement_restriction,yes_2,"Yes, between blocks or camps","Haa, inta u dhaxaysa xeryaha iyo xaafadaha xeryaha",,,,,
,movement_restriction,yes_3,"Yes, between districts","Haa, inta u dhaxaysa degmooyinka",,,,,
,movement_restriction,no,No,Maya,,,,,
579,movement_restriction,dontknow,3. Don't know,garan maayo,,,,,
580,movement_restriction,not_tried,4. Haven't tried to move around,ma isku dayin inaan wareejisto,,,,,
581,restrictions_faced,no_restrictions,"1. No, no restrictions ","Maya,wax xayiraad ah maleh",,,,,
582,restrictions_faced,road_closures,"2. Yes, road closures ","Haa,xiritaanka wadada",,,,,
583,restrictions_faced,COVID-related_lockdown,"3. Yes, COVID-related lockdown ","Haa,xayiraada la xiriirta Covid-19",,,,,
584,restrictions_faced,Other_government-imposed_lockdown,"4. Yes, Other government-imposed lockdown ","Haa,xayiyaaradaha kale ee dowlada",,,,,
585,restrictions_faced,fear_for_safety_and/or_security,"5. Yes, fear for safety and/or security ","Haa,Cabsi la xiriirta amniga",,,,,
586,restrictions_faced,did_not_have_appropriate_documentation_for_travel,"6. Yes, did not have appropriate documentation for travel ","Haa,ma haysto dokumentiga lagu safro oo rasmi ah",,,,,
587,restrictions_faced,unable_to_afford_travel,"7. Yes, unable to afford travel","Haa,ma awoodo inaan safro",,,,,
588,restrictions_faced,discrimination_because_of_my_displacement_status," 8. Yes, discrimination because of my displacement status ","Haa, faquuqitaan inaan soo barakacay awgeed",,,,,
589,restrictions_faced,because_of_other_discrimination,"9. Yes, because of other discrimination","haa, sababa kale oo faquuq ah",,,,,
590,restrictions_faced,other," 10. Yes, other (Specify)","haa, wax kale fadlan qeex",,,,,
591,not_feel_safe,in_shelter,In shelters,guryaha dhexdooda,"
",,,,
592,not_feel_safe,when_leaving,When leaving settlement/town,marka aan ka tagaayo xaafada/magaalada,,,,,
593,not_feel_safe,on_the,On the way to markets,wadada markaan usocda suuqa,,,,,
594,not_feel_safe,at_Water,At Water points,meelaha biyaha laga dhansadoh,,,,,
595,not_feel_safe,at_Latrine,At Latrines,suliyada gudohoda,,,,,
596,not_feel_safe,bathing_areas,Bathing areas,meelaha lagu qubeystoh,,,,,
597,not_feel_safe,markets,Markets,suuqyada,,,,,
598,not_feel_safe,schools,Schools,iskoolada,,,,,
599,not_feel_safe,health_centres,Health centres,xarumaha cafimaadka,,,,,
600,not_feel_safe,nutrition_centres,Nutrition/feeding centres,xarumaha nafaqaynta,,,,,
601,not_feel_safe,humanitarian_aid,Humanitarian aid distribution points,"meelaha laga qeybiyoh gargaarka bini,adan tinimada ",,,,,
602,not_feel_safe,choose_not,Choose not to answer,waxan dooranayaa in anan ka jawabin ,,,,,
603,not_feel_safe,other,Other - specify,wax kale (cad),,,,,
604,source_food,purchased_market,Purchased at market,wax ka iibsashada suuqa,,,,,
605,source_food,own_cultivation,Own cultivation,beeris gaar ahaaned,,,,,
606,source_food,own_livestock,Own livestock,xoolo dhaqasho gaar ah,,,,,
607,source_food,fishing_Fishing,Fishing,kalumeysi,,,,,
608,source_food,foraging_Foraging,Foraging,ka canacsiga xayawanadka ama xoolaha,,,,,
609,source_food,hunting_Hunting,Hunting,ugarsasho,,,,,
610,source_food,bartering_Bartering,Bartering,alaab isku badalasho,,,,,
611,source_food,reliant_friends,Reliant on family or friends,waxan ku tirsanhy qoyska amaba asxaapta,,,,,
612,source_food,reliant_assistance,Reliant on humanitarian/NGO assistance,waxan cawimad ka helaa hayadaha xuququl insanka amaba hayadaha aan dowliga ahyn,,,,,
613,source_food,reliant_gov_assist,Reliant on government assistance,waxan cawimad ka helaa dowlada,,,,,
614,source_food,other,Other - specify,"Wax kale, fadlan sheeg ",,,,,
615,1yes_no,yes,1 = Yes,1=Haa,,,,,
616,1yes_no,no, 0 = No,0=Maya,,,,,
617,rarely_some_often,rarely,1 = rarely (1-2),1= dhif dhif ( 1-2),,,,,
618,rarely_some_often,sometimes, 2 = sometimes (3-10),2= Marmarka qaar ( 3-10),,,,,
619,rarely_some_often,often, 3 = often (10+ times),3= Intabadan ( 10 iyo inkabadan),,,,,
620,phone_type,basic_phone,"Basic phone (Calls, SMS, mobile money, no Internet access)","Talefoonka aas aasiga ah ( qaracista, fariimaha, lacagta taleefanka, aan heli karin internet)",,,,,
621,phone_type,feature_phone,"Feature phone (basic internet access, some preinstalled apps, no app store, physical keyboard)","Taleefanka muuqaalka ( helitanka internerka aas aasiga ah, some preinstalled apps, no app store, physical keyboard)",,,,,
622,phone_type,smartphone_touchscreen,"Smartphone (touchscreen, app store, advanced internet access)","Taleefoon casri ah (touchscreen, app store, advanced internet access)",,,,,
623,phone_type,none,None,midna ,,,,,
624,read_write,yes_without,"Yes, without difficulties","Haa, dhibaatooyin la aan.",,,,,
625,read_write,yes_some,Yes – some difficul,"Haa, waxogaa dhibaato ah.",,,,,
626,read_write,yes_alot,Yes – a lot of difficul,"Haa, dhibaatooyin farabadan.",,,,,
627,read_write,no,No,Maya.,,,,,
,means_information,no_need,Do not need information,Macluumaad uma baahni,,,,,
628,means_information,phone_call,Phone call ,Phone call ,,,,,
629,means_information,sms,SMS,SMS,,,,,
630,means_information,social_etc.,"Social media (Twitter, Facebook, etc.) ","Social media (Twitter, Facebook, etc.) ",,,,,
631,means_information,whatsapp_platform,Whatsapp or other mobile phone based platform,Whatsapp or other mobile phone based platform,,,,,
632,means_information,television,Television,Television,,,,,
633,means_information,newspapers,Newspapers,Joornaalka ,,,,,
634,means_information,magazines,Magazines ,Majalaadka ,,,,,
635,means_information,billboards_leaflets,Billboards/ posters/ leaflets,Boodhadhka waawayn/ boodhadhka yaryar/ waraaqaha yar yar ee xayaysiiska loo qaybiyo.,,,,,
636,means_information,loud_speakers,Loud speakers ,Makarafoon,,,,,
637,means_information,film_theatre,Film or theatre,Shaneemo ama masrax,,,,,
638,means_information,in_face,In person face-to-face,fool ka fool,,,,,
639,means_information,other,Other,waxkale,,,,,
640,likert_satisfied,vsatisfied,Very satisfied ,"Haa aad ugu qanacsan,",,,,,
641,likert_satisfied,satisfied,Satisfied,aan ku qanacsanayn,,,,,
,likert_satisfied,unsatisfied,Unsatisfied,Ma ku qanacsani,,,,,
,likert_satisfied,vunsatisfied,Very unsatisfied,aad ma ugu qanacsani,,,,,
642,why_notsatisfied,quality_not_good,1. Quality was not good enough,Tayo kufilan aan lahayn,,,,,
643,why_notsatisfied,quantity_not_good,2. Quantity was not good enough,Tiro kufilan ma ahayn,,,,,
644,why_notsatisfied,delays_delivery,3. Did not receive the aid on time/ Delays in delivery of aid,Mahelin gargaarka wakhtigii loogu talagalay/ wuu ka dibdhacay keenistii gargaarku,,,,,
645,why_notsatisfied,other,4. Other,waxkale,,,,,
,aid_barriers,lack_information,LACK OF INFORMATION,War bixin la'aan,,,,,
,aid_barriers,physical_access,PHYSICALLY UNABLE TO ACCESS POINTS OF AID DISTRIBUTION,Qof ahaan ma tagi karo meelaha lagu qeybiyo kaalmada/deeqaha,,,,,
,aid_barriers,insecure_route,INSECURITY ON ROUTE TO POINTS OF AID DISTRIBUTION,`Nabad gelyo la'an ka jirta wadada aado meelaha lagu qeybiya kaalmada/deeqda,,,,,
,aid_barriers,insecure_site,INSECURITY AT SITE OF AID DISTRIBUTION,Nabad gelyo la'aan ka jirta goobta lagu qeybiyo kaalmada/deeqda,,,,,
,aid_barriers,exclusion_gatekeepers,EXCLUSION BY CAMP MANAGERS/GATEKEEPERS,Waxaa naga saaray horjoogayaasha ama maamulayaasha xerada,,,,,
,aid_barriers,other,OTHER,Wax kale,,,,,
646,aid_feedback,face_to_face, 1) Face to face at home with aid worker ,Fool ka fool guriga shaqaalaha gargaarka,,,,,
647,aid_feedback,face_office, 2) Face to face in office or other venue with aid worker ,fool ka fool xafiisyada ama meelah kale shaqaalhaa gargaarka,,,,,
648,aid_feedback,face_member, 3) Face to face with member of the community ,Fool ka fool xubno kamida bulshada,,,,,
649,aid_feedback,phone_call, 4) Phone call ,Wicitaan,,,,,
650,aid_feedback,sms, 6) SMS ,Maaseej,,,,,
651,aid_feedback,email, 7) E-mail ,Iimayl,,,,,
652,aid_feedback,letter, 8) Letter ,Waraaq ahan,,,,,
653,aid_feedback,e_media, 9) Social media (e.g. Twitter or Facebook,"Baraha bulshada (sida, Twitterka ama Facebook ga)",,,,,
654,aid_feedback,box_suggestions, 10) Complaints/ suggestions box,Meelaha cabashada/ santuukha talo soo geedinta,,,,,
,aid_feedback,other,11) Other,wax kale,,,,,
655,aid_feedback,aware_Not_aware, 11)Not aware of feedback mechanism,Waxkale,,,,,
656,humanitarian_assist,dont_want,1. Do not want to receive humanitarian assistance,Marabo inaan helo caawimaad gargaar binu'aadantinimo,,,,,
657,humanitarian_assist,in_kind_food,2. In-kind (food,Cunto ahaan,,,,,
658,humanitarian_assist,in_kind,3. In-kind (NFIs,Maacuun ahaan,,,,,
659,humanitarian_assist,physical_cash,4. Physical cash,Lacag cadaana,,,,,
660,humanitarian_assist,cash_viabank,5. Cash via bank transfer,Lacagta xawilaada lamariyo,,,,,
661,humanitarian_assist,cash_viacards,6. Cash via prepaid cards,lacagta ladushubo kaararka,,,,,
662,humanitarian_assist,cash_viamobile,7. Cash via mobile money,Lacagta lagudiro mobile ka ,,,,,
663,humanitarian_assist,vouchers,8. Vouchers,kaararka,,,,,
664,humanitarian_assist,services,"9. Services (e.g. healthcare, education, etc.","Adeegyo (sida, daryeel caafimaad, waxbarasho, IWM.",,,,,
665,humanitarian_assist,other_please,10. Other (please specify,"waxkale, qeex",,,,,
666,humanitarian_assist,don_t,11. Don’t kn,Magaranayo,,,,,
667,humanitarian_assist,prefer_not,12. Prefer not to answer,majecli inaan ka jawaabo,,,,,
668,priority_needs,shelter,Shelter / housing,Hoy/guri,,,,,
669,priority_needs,food,Food,Cunto,,,,,
670,priority_needs,healthcare,Healthcare,Caafimaadleh,,,,,
671,priority_needs,seeds,Seeds or other agricultural inputs,Miraha ama waxyaabaha kale ee labeerto,,,,,
672,priority_needs,livelihoods_support,Livelihoods support / employment,Caawinta nololmaalmeedka/ shaqaalaysiin,,,,,
673,priority_needs,drinking,Drinking water,Biyaha lacabo,,,,,
674,priority_needs,hygiene,"Hygiene NFIs (e.g. soap, sanitary pads","Nadaafad muucuun (sida saabuun, qalabka Caadada)",,,,,
675,priority_needs,need,Need to repay debt,ubaahan inuu dib ubixyo daynta,,,,,
676,priority_needs,education,Education for children under 18,Waxbarashada caruurta ka yar 18 jirka,,,,,
677,priority_needs,psychosocial,Psychosocial support,Caawimaad toos ah,,,,,
678,priority_needs,none,None,midna,,,,,
679,priority_needs,other,Other,"wax kale, qeex",,,,,
,durable_solutions,none,None,Midkoodna,,,,,
,durable_solutions,elections,Support to participation in local and national elections,Taageerida kaqeybgalka doorashooyinka maxalliga ah iyo kuwa qaran,,,,,
,durable_solutions,social_cohesion,Social cohesion initiatives (NEEDS DEFINITION/CLARIFICATION OF TERM),Wax wada qabsiga bulshada (qeexitaan ku saabsan ereyga ayaa loo baahanyahay),,,,,
,durable_solutions,basic_services,"Provision of  basic services  such as WASH, Education, Health, Housing","Bixinta adeegyada aasaasiga ah sida WASH (biyaha iyo nadaafada), Waxbarashada, Caafimaadka, Guriyeynta",,,,,
,durable_solutions,food_security,Support Nutrition and Food Security Programmes,Taageero xaga Barnaamijyada Nafaqada iyo Isku filnaasho xaga cunada,,,,,
,durable_solutions,GBV,Support reproductive health and GBV,Taageero xaga caafimaadka taranka iyo GBV,,,,,
,durable_solutions,income_generation,Support to business creation and income generating activities,Caawinta abuuritaanka ganacsiga iyo nashaadaadka dhalinta dakhliga,,,,,
,durable_solutions,skill_development,Support to trainings and skill development programmes,Taageerida tababarada iyo barnaamijyada horumarinta xirfadaha,,,,,
,durable_solutions,access_cash_credit,Facilitate access to cash and credit,Fududeynta helitaanka lacagaha amaahda ah,,,,,
,durable_solutions,legal_counselling,"Facilitate access to legal counselling, courts, legal redress","Fududeyn u helista latalinta sharciga, maxkamadaha, xal ka gaarida arimaha sharciga",,,,,
,durable_solutions,vulnerable_groups,Enhanced rights protections and physical safety for marginalised and vulnerable groups,Xoojinta ilaalinta xuquuqda iyo badbaadada jireed ee kooxaha la xaqiro/la liido iyo kuwa nugul,,,,,
,durable_solutions,other,Please mention any other,Fadlan sheeg wax kale,,,,,
680,info_covid,none,None,midna,,,,,
681,info_covid,settlement_leaders,Settlement leaders,Hogaamiyayaasha xaafada,,,,,
682,info_covid,religious_leaders, Religious leaders,hogaamiyayaasha diinta,,,,,
683,info_covid,health_worker_at_health_facility, Health worker at health facility,shaqaalaha caafimaadka ee xarunta caafimaadka,,,,,
684,info_covid,traditional_/_local_healer, Traditional / local healer,daawa dhaqameed/maxali ah,,,,,
685,info_covid,not_sure, Not sure,ma hubo,,,,,
686,info_covid,other_(specify,Other (specify,wax kale qeex,,,,,
687,info_covid_prefer,word,"Word of mouth (family, friends, neighbours, colleagues","ereyga afka ah(qoyskeyga, asxaabta, dariska, shaqa wadaagta)",,,,,
688,info_covid_prefer,sms," SMS / messaging application (Whatsapp, Telegram, Signal etc",fariimaha,,,,,
689,info_covid_prefer,social," Social media (facebook, instagram etc","baraha bulshada ku xiriirto sida facebook, instagram",,,,,
690,info_covid_prefer,internet, Internet sites,bogaga internetka,,,,,
691,info_covid_prefer,radio, Radio / television,raadiyaha/telefishanka,,,,,
692,info_covid_prefer,newspapers, Newspapers,wargeyska,,,,,
693,info_covid_prefer,settlement, settlement centre ,xarunta dejinta,,,,,
694,info_covid_prefer,religious_,At religious centre (mosque,xarunta diinta,,,,,
695,info_covid_prefer,door_to, Door-to-door campaign,ololaha albaab ka albaab,,,,,
696,info_covid_prefer,information, Information campaign in public place,ololaha macluumaadka ee goobaha dadweynaha,,,,,
697,info_covid_prefer,megaphone, Megaphone public announcements,ogeysiiska guud ee megaphoneka,,,,,
698,info_covid_prefer,posters, Posters,waraaqaha boostada,,,,,
699,info_covid_prefer,other, Other (specify,wax kale qeex,,,,,
700,info_needs_covid,causes,Causes,Sababaha,,,,,
701,info_needs_covid,signs_and_symptoms, Signs and symptoms,Calaamadaha iyo astaamaha,,,,,
702,info_needs_covid,prevention_measures, Prevention measures,Tallaabooyinka ka-hortagga,,,,,
703,info_needs_covid,treatment_options, Treatment options,Xulashada Daaweynta,,,,,
704,info_needs_covid,consequences_of_having_covid-19, Consequences of having COVID-19,Cawaaqibta qabidda COVID-19,,,,,
705,info_needs_covid,other, Other (specify),Wax kale (caddee),,,,,
706,info_needs_covid,not_sure, Not sure,Ma hubo,,,,,
707,action_prevent,no_action,"No, no action taken (cannot select with any other option","Maya, wax ficil ah oo la qaaday maleh",,,,,
708,action_prevent,not_all, Not leaving the house at all,gabi ahaan guriga kama dhaqaaqo,,,,,
709,action_prevent,reducing_house, Reducing movement outside the house,dhaqdhaqaaqa oo la xadido banaanka guriga marka la aadaayo,,,,,
710,action_prevent,stopping_contact, Stopping handshakes or physical contact,joojinta isdhaafsiga gacmaha,,,,,
711,action_prevent,keeping_people, Keeping distance from people,ka fogaanshaha dadka,,,,,
712,action_prevent,avoiding_gatherings, Avoiding public places and gatherings,ka fogaanshaha meelaha dadweynaha ku kulmaan,,,,,
713,action_prevent,avoiding_transport, Avoiding public transport,ka fogaanshaha gaadiidka dadweynaha,,,,,
714,action_prevent,wearing_mask, Wearing a face mask,xidhashada maaskara wajiga,,,,,
715,action_prevent,wearing_gloves, Wearing gloves,xidhashada galoofyada,,,,,
716,action_prevent,washing_regularly, Washing hands more regularly,Gacmaha si joogto ah u dhaqidda,,,,,
717,action_prevent,keeping_clean, Keeping surfaces clean,Nadiifinta meelaha dushiisu nadiif yihiin,,,,,
718,action_prevent,praying_god, Praying to god,Baryada Ilaah,,,,,
719,action_prevent,staying_animals, Staying away from animals,Ka dheeranta/fogaashad xayawaanka,,,,,
720,action_prevent,other, Other (specify),Wax kale (caddee),,,,,
721,action_prevent,not_sure, Not sure,ma hubo,,,,,
722,why_noaction,not_prevalent,COVID-19 is not prevalent in the area,COVID-19 kuma badna aagga,,,,,
723,why_noaction,not_risk, Not at high-risk of getting COVID-19,Khatar uguma jirro qaadista COVID-19,,,,,
724,why_noaction,getting_Dont, Don't mind getting COVID-19,Waxba uma arko qaadidda COVID_19,,,,,
725,why_noaction,it_possible, Don't think it is possible to prevent COVID-19,U malayn maayo inay suurtagal tahay in laga hortago COVID-19,,,,,
726,why_noaction,how_how, Don't know how to prevent COVID-19,Ma aqaan sida looga hortago COVID-19,,,,,
727,why_noaction,lack_resources, Lack of financial resources,La'aanta ilo dhaqaale,,,,,
728,why_noaction,preventative_practical, Preventative measures not practical,Tallaabooyin ka hortag ah ma ahan wax la taaban karo,,,,,
729,why_noaction,other_measures, Other people are already taking measures ,Dadka kale ayaa durba qaadaya tillaabooyin,,,,,
730,why_noaction,household_responsibility, Not the household responsibility to prevent COVID-19,Maaha masuuliyada guriga/qoyska inay ka hortagaan COVID-19,,,,,
731,why_noaction,other, Other (specify),Wax kale (caddee),,,,,
732,why_noaction,not_sure, Not sure,ma hubo,,,,,
733,sign_covid,fever,Fever,Qandho (xumad),,,,,
734,sign_covid,tiredness, Tiredness,Daal,,,,,
735,sign_covid,coughing, Coughing,Qufac,,,,,
736,sign_covid,sore_throat, Sore throat,Cune xanuun,,,,,
737,sign_covid,difficulty_breathing, Difficulty breathing,Neefsashada adag,,,,,
738,sign_covid,sneezing_/_runny_nose, Sneezing / runny nose,Hindhiso / runny nose,,,,,
739,sign_covid,loss_of_taste_/_smell, Loss of taste / smell,Lumitaanka / urinta oo luma,,,,,
740,sign_covid,headache, Headache,Madax xanuun,,,,,
741,sign_covid,diarrhoea, Diarrhoea,Shuban,,,,,
742,sign_covid,rash, Rash,Nabar,,,,,
743,sign_covid,joint_/_muscle_pain, Joint / muscle pain,Murqo xanuun,,,,,
744,sign_covid,vomiting, Vomiting,Matag,,,,,
745,sign_covid,conjunctivitus_(red_eyes, Conjunctivitus (red eyes,Bakoorada/ Xanuunka indhacasaanka/ Conjunctivitus,,,,,
746,sign_covid,haemorrhage_/_bleeding, Haemorrhage / bleeding,Dhiig bax,,,,,
747,sign_covid,other, Other (specify),Wax kale,,,,,
748,sign_covid,not_sure, Not sure,Ma hubo,,,,,
749,hh_covid_action,nothing,"Nothing, continue daily life as normal","Waxba, U wata hawlaha maalmaha si cadi ah ",,,,,
750,hh_covid_action,stay_home, Stay home and do nothing / take no medicine,Guriga joog oo waxba ha sameyn / daawo ha qaadan,,,,,
751,hh_covid_action,stay_home_self, Stay home and self-medicate,Guriga joog iyo oo is daawey,,,,,
752,hh_covid_action,call_emer, Call emergency services,wac adeegyada gurmadka,,,,,
753,hh_covid_action,call_dedicated, Call dedicated COVID-19 number,Wacitaanka numberka lagala xidhiidhayo COVID-19,,,,,
754,hh_covid_action,speak_religious, Speak to a religious leader,La hadal hoggaamiye diimeed,,,,,
755,hh_covid_action,speak_setllement, Speak to a settlement leader,Kala hadal hogaamiyaha dejinta,,,,,
756,hh_covid_action,go_pharmacy, Go to a pharmacy,Aad farmashiyaha,,,,,
757,hh_covid_action,go_office, Go to a doctor's office or health centre,Aad xafiiska dhakhtarka ama xarunta caafimaadka,,,,,
758,hh_covid_action,go_hospital, Go to a hospital,Tag isbitaal,,,,,
759,hh_covid_action,go_traditional, Go to a traditional / local healer,Aad Qof dhaqameed u daaweeyo,,,,,
760,hh_covid_action,other, Other (specify),Wax kale (Sheeg),,,,,
761,hh_covid_action,not, Not sure,Ma hubo,,,,,
762,factors_aid,60+,Age: Being elderly (60+),Dada: ka wayn ( 60 iyo wixii ka wayn),,,,,
763,factors_aid,30-,Age: Being young (30-),Dada: ka yar ( 30 iyo wixii ka yar),,,,,
764,factors_aid,Disability:_Person_living_with_a_disability,Disability: Person living with a disability,Laxaad la'a: Qof la nool laxaad la'a ,,,,,
765,factors_aid,Heritage:_A_member_of_a_minority_or_marginalised_community,Heritage: A member of a minority or marginalised community ,Hiddo: Xubin ka tirsan beelaha laga tirada badan yahay ee bulshada dhexdeeda.,,,,,
766,factors_aid,None,None,Midna,,,,,
767,factors_aid,Prefer_not,Prefer not to answer,Door biday inaanu ka jawaabin ,,,,,
768,services_affected,security,Security,Amniga,,,,,
769,services_affected,health,Health,Caafimaadka,,,,,
770,services_affected,education,Education,Waxbarasho,,,,,
771,services_affected,water,Water,Biyo,,,,,
772,services_affected,food,Food,Cunto,,,,,
773,services_affected,cash,Cash,Lacag,,,,,
774,services_affected,work,Work,Shaqo,,,,,
775,services_affected,access_remedies,Access to remedies,Helitaanka dawooyinka dhaqanka ,,,,,
776,services_affected,other,Other (specify),Wax kale(Sheeg),,,,,
777,male_female,male,Male,Rag,,,,,
778,male_female,female,Female,Dumar,,,,,
779,region,awdal,Awdal,Awdal,Awdal,,,,
780,region,bakool,Bakool,Bakool,Bakool,,,,
781,region,banadir,Banadir,Banadir,Banadir,,,,
782,region,bari,Bari,Bari,Bari,,,,
783,region,bay,Bay,Bay,Bay,,,,
784,region,galgaduud,Galgaduud,Galgaduud,Galgaduud,,,,
785,region,gedo,Gedo,Gedo,Gedo,,,,
786,region,hiraan,Hiraan,Hiraan,Hiraan,,,,
787,region,lower_juba,Lower Juba,Jubadda Hoose,Jubadda Hoose,,,,
788,region,lower_shabelle,Lower Shabelle,Shabellada Hoose,Shabellada Hoose,,,,
789,region,middle_juba,Middle Juba,Jubadda Dhexe,Jubadda Dhexe,,,,
790,region,middle_shabelle,Middle Shabelle,Shabellada Dhexe,Shabellada Dhexe,,,,
791,region,mudug,Mudug,Mudug,Mudug,,,,
792,region,nugaal,Nugaal,Nugaal,Nugaal,,,,
793,region,sanaag,Sanaag,Sanaag,Sanaag,,,,
794,region,sool,Sool,Sool,Sool,,,,
795,region,togdheer,Togdheer,Togdheer,Togdheer,,,,
796,region,woqooyi_galbeed,Woqooyi Galbeed,Woqooyi Galbeed,Woqooyi Galbeed,,,,
797,district,baki,Baki,Baki,Baki,,awdal,,
798,district,borama,Borama,Borama,Borama,,awdal,,
799,district,lughaye,Lughaye,Lughaye,Lughaye,,awdal,,
800,district,zeylac,Zeylac,Zeylac,Zeylac,,awdal,,
801,district,ceel_barde,Ceel Barde,Ceel Barde,Ceel Barde,,bakool,,
802,district,rab_dhuure,Rab Dhuure,Rab Dhuure,Rab Dhuure,,bakool,,
803,district,tayeeglow,Tayeeglow,Tayeeglow,Tayeeglow,,bakool,,
804,district,waajid,Waajid,Waajid,Waajid,,bakool,,
805,district,xudur,Xudur,Xudur,Xudur,,bakool,,
806,district,boondheere,Mogadishu_Boondheere,Mogadishu_Boondheere,Mogadishu_Boondheere,,banadir,,
807,district,abdulaziz,Mogadishu_Cabdulcasiis,Mogadishu_Cabdulcasiis,Mogadishu_Cabdulcasiis,,banadir,,
808,district,daynile,Mogadishu_Daynile,Mogadishu_Daynile,Mogadishu_Daynile,,banadir,,
809,district,dharkenley,Mogadishu_Dharkenley,Mogadishu_Dharkenley,Mogadishu_Dharkenley,,banadir,,
810,district,hawl_wadaag,Mogadishu_Hawl Wadaag,Mogadishu_Hawl Wadaag,Mogadishu_Hawl Wadaag,,banadir,,
811,district,heliwa,Mogadishu_Heliwa,Mogadishu_Heliwa,Mogadishu_Heliwa,,banadir,,
812,district,hodan,Mogadishu_Hodan,Mogadishu_Hodan,Mogadishu_Hodan,,banadir,,
813,district,kahda,Mogadishu_Kahda,Mogadishu_Kahda,Mogadishu_Kahda,,banadir,,
814,district,karaan,Mogadishu_Karaan,Mogadishu_Karaan,Mogadishu_Karaan,,banadir,,
815,district,shangaani,Mogadishu_Shangaani,Mogadishu_Shangaani,Mogadishu_Shangaani,,banadir,,
816,district,shibis,Mogadishu_Shibis,Mogadishu_Shibis,Mogadishu_Shibis,,banadir,,
817,district,waaberi,Mogadishu_Waaberi,Mogadishu_Waaberi,Mogadishu_Waaberi,,banadir,,
818,district,wadajir,Mogadishu_Wadajir,Mogadishu_Wadajir,Mogadishu_Wadajir,,banadir,,
819,district,wardhiigleey,Mogadishu_Wardhiigleey,Mogadishu_Wardhiigleey,Mogadishu_Wardhiigleey,,banadir,,
820,district,hamar_jaab_jab,Mogadishu_Xamar Jabjab,Mogadishu_Xamar Jabjab,Mogadishu_Xamar Jabjab,,banadir,,
821,district,hamar_weyne,Mogadishu_Xamar Weyne,Mogadishu_Xamar Weyne,Mogadishu_Xamar Weyne,,banadir,,
822,district,yaaqshiid,Mogadishu_Yaaqshiid,Mogadishu_Yaaqshiid,Mogadishu_Yaaqshiid,,banadir,,
823,district,bandarbayla,Bandarbayla,Bandarbayla,Bandarbayla,,bari,,
824,district,bossaso,Bossaso,Bossaso,Bossaso,,bari,,
825,district,caluula,Caluula,Caluula,Caluula,,bari,,
826,district,iskushuban,Iskushuban,Iskushuban,Iskushuban,,bari,,
827,district,qandala,Qandala,Qandala,Qandala,,bari,,
828,district,qardho,Qardho,Qardho,Qardho,,bari,,
829,district,baidoa,Baidoa,Baidoa,Baidoa,,bay,,
830,district,buur_hakaba,Buur Hakaba,Buur Hakaba,Buur Hakaba,,bay,,
831,district,diinsoor,Diinsoor,Diinsoor,Diinsoor,,bay,,
832,district,qansax_dheere,Qansax Dheere,Qansax Dheere,Qansax Dheere,,bay,,
833,district,cabudwaaq,Cabudwaaq,Cabudwaaq,Cabudwaaq,,galgaduud,,
834,district,cadaado,Cadaado,Cadaado,Cadaado,,galgaduud,,
835,district,ceel_buur,Ceel Buur,Ceel Buur,Ceel Buur,,galgaduud,,
836,district,ceel_dheer,Ceel Dheer,Ceel Dheer,Ceel Dheer,,galgaduud,,
837,district,dhuusamarreeb,Dhuusamarreeb,Dhuusamarreeb,Dhuusamarreeb,,galgaduud,,
838,district,baardheere,Baardheere,Baardheere,Baardheere,,gedo,,
839,district,belet_xaawo,Belet Xaawo,Belet Xaawo,Belet Xaawo,,gedo,,
840,district,ceel_waaq,Ceel Waaq,Ceel Waaq,Ceel Waaq,,gedo,,
841,district,doolow,Doolow,Doolow,Doolow,,gedo,,
842,district,garbahaarey,Garbahaarey,Garbahaarey,Garbahaarey,,gedo,,
843,district,luuq,Luuq,Luuq,Luuq,,gedo,,
844,district,belet_weyne,Belet Weyne,Belet Weyne,Belet Weyne,,hiraan,,
845,district,bulo_burto,Bulo Burto,Bulo Burto,Bulo Burto,,hiraan,,
846,district,jalalaqsi,Jalalaqsi,Jalalaqsi,Jalalaqsi,,hiraan,,
847,district,afmadow,Afmadow,Afmadow,Afmadow,,lower_juba,,
848,district,badhaadhe,Badhaadhe,Badhaadhe,Badhaadhe,,lower_juba,,
849,district,jamaame,Jamaame,Jamaame,Jamaame,,lower_juba,,
850,district,kismayo,Kismayo,Kismayo,Kismayo,,lower_juba,,
851,district,afgooye,Afgooye,Afgooye,Afgooye,,lower_shabelle,,
852,district,baraawe,Baraawe,Baraawe,Baraawe,,lower_shabelle,,
853,district,kurtunwaarey,Kurtunwaarey,Kurtunwaarey,Kurtunwaarey,,lower_shabelle,,
854,district,marka,Marka,Marka,Marka,,lower_shabelle,,
855,district,qoryooley,Qoryooley,Qoryooley,Qoryooley,,lower_shabelle,,
856,district,sablaale,Sablaale,Sablaale,Sablaale,,lower_shabelle,,
857,district,wanla_weyn,Wanla Weyn,Wanla Weyn,Wanla Weyn,,lower_shabelle,,
858,district,buaale,Buaale,Buaale,Buaale,,middle_juba,,
859,district,jilib,Jilib,Jilib,Jilib,,middle_juba,,
860,district,sakow,Sakow,Sakow,Sakow,,middle_juba,,
861,district,aden_yabaal,Aden Yabaal,Aden Yabaal,Aden Yabaal,,middle_shabelle,,
862,district,balcad,Balcad,Balcad,Balcad,,middle_shabelle,,
863,district,cadale,Cadale,Cadale,Cadale,,middle_shabelle,,
864,district,jowhar,Jowhar,Jowhar,Jowhar,,middle_shabelle,,
865,district,galdogob,Galdogob,Galdogob,Galdogob,,mudug,,
866,district,hobyo,Hobyo,Hobyo,Hobyo,,mudug,,
867,district,jariiban,Jariiban,Jariiban,Jariiban,,mudug,,
868,district,xarardheere,Xarardheere,Xarardheere,Xarardheere,,mudug,,
869,district,burtinle,Burtinle,Burtinle,Burtinle,,nugaal,,
870,district,eyl,Eyl,Eyl,Eyl,,nugaal,,
871,district,garowe,Garowe,Garowe,Garowe,,nugaal,,
872,district,ceel_afweyn,Ceel Afweyn,Ceel Afweyn,Ceel Afweyn,,sanaag,,
873,district,ceerigaabo,Ceerigaabo,Ceerigaabo,Ceerigaabo,,sanaag,,
874,district,laasqoray,Laasqoray,Laasqoray,Laasqoray,,sanaag,,
875,district,caynabo,Caynabo,Caynabo,Caynabo,,sool,,
876,district,laas_caanood,Laas Caanood,Laas Caanood,Laas Caanood,,sool,,
877,district,taleex,Taleex,Taleex,Taleex,,sool,,
878,district,xudun,Xudun,Xudun,Xudun,,sool,,
879,district,burco,Burco,Burco,Burco,,togdheer,,
880,district,buuhoodle,Buuhoodle,Buuhoodle,Buuhoodle,,togdheer,,
881,district,owdweyne,Owdweyne,Owdweyne,Owdweyne,,togdheer,,
882,district,sheikh,Sheikh,Sheikh,Sheikh,,togdheer,,
883,district,berbera,Berbera,Berbera,Berbera,,woqooyi_galbeed,,
884,district,gebiley,Gebiley,Gebiley,Gebiley,,woqooyi_galbeed,,
885,district,hargeysa,Hargeysa,Hargeysa,Hargeysa,,woqooyi_galbeed,,
886,district,mataban,mataban,mataban,mataban,,hiraan,,
887,district,gaalkacyo_north,gaalkacyo_north,gaalkacyo_north,gaalkacyo_north,,mudug,,
888,district,gaalkacyo_south,gaalkacyo_south,gaalkacyo_south,gaalkacyo_south,,mudug,,
889,district,badhan,badhan,badhan,badhan,,sanaag,,
